carrier,pickup,delivery,expected_delivery
1,2025-07-09 00:00,2025-07-10 00:00,2025-07-10 00:00
1,2025-07-15 00:00,2025-07-16 00:00,2025-07-16 00:00
1,2025-07-17 00:00,2025-07-18 00:00,2025-07-18 00:00
1,2025-07-18 00:00,2025-07-21 00:00,2025-07-21 00:00
1,2025-07-20 00:00,2025-07-24 00:00,2025-07-24 00:00
1,2025-07-25 00:00,2025-07-29 00:00,2025-07-29 00:00
1,2025-07-26 00:00,2025-07-30 00:00,2025-07-30 00:00
1,2025-07-31 00:00,2025-08-05 00:00,2025-08-05 00:00
1,2025-08-06 00:00,2025-08-09 00:00,2025-08-09 00:00
1,2025-08-07 00:00,2025-08-09 00:00,2025-08-10 00:00
1,2025-08-11 00:00,2025-08-15 00:00,2025-08-15 00:00
1,2025-08-11 00:00,2025-08-13 00:00,2025-08-13 00:00
1,2025-08-13 00:00,2025-08-16 00:00,2025-08-16 00:00
1,2025-08-16 00:00,2025-08-17 00:00,2025-08-17 00:00
1,2025-08-16 00:00,2025-08-20 00:00,2025-08-20 00:00
1,2025-08-18 00:00,2025-08-22 14:00,2025-08-22 04:08
1,2025-08-18 00:00,2025-08-22 10:51,2025-08-22 15:53
1,2025-08-18 16:55,2025-08-22 16:17,2025-08-22 14:03
1,2025-08-18 16:56,2025-08-22 13:16,2025-08-22 18:28
1,2025-08-19 00:00,2025-08-25 12:19,2025-08-25 12:14
1,2025-08-19 00:00,2025-08-25 12:10,2025-08-25 01:12
1,2025-08-19 00:00,2025-08-25 10:23,2025-08-26 12:56
1,2025-08-19 00:00,2025-08-22 12:05,2025-08-22 02:01
1,2025-08-19 07:22,2025-08-26 09:25,2025-08-26 23:38
1,2025-08-19 07:22,2025-08-22 12:04,2025-08-22 19:57
1,2025-08-19 07:23,2025-08-22 10:39,2025-08-22 14:52
1,2025-08-19 14:37,2025-08-25 09:57,2025-08-25 03:57
1,2025-08-19 16:18,2025-08-25 09:41,2025-08-25 20:44
1,2025-08-19 16:18,2025-08-25 09:35,2025-08-25 10:06
1,2025-08-19 16:38,2025-08-25 11:47,2025-08-25 01:56
1,2025-08-19 16:38,2025-08-25 09:56,2025-08-24 13:13
1,2025-08-19 16:38,2025-08-22 12:12,2025-08-22 18:04
1,2025-08-19 16:38,2025-08-22 11:39,2025-08-22 12:35
1,2025-08-19 16:38,2025-08-22 10:49,2025-08-22 13:39
1,2025-08-20 00:00,2025-08-25 09:48,2025-08-25 08:15
1,2025-08-20 00:00,2025-08-22 15:25,2025-08-23 01:39
1,2025-08-20 00:00,2025-08-22 12:05,2025-08-23 16:03
1,2025-08-20 00:00,2025-08-22 11:55,2025-08-22 06:20
1,2025-08-20 00:00,2025-08-22 11:44,2025-08-22 07:46
1,2025-08-20 00:00,2025-08-22 11:42,2025-08-22 11:44
1,2025-08-20 00:00,2025-08-22 10:29,2025-08-22 08:40
1,2025-08-20 08:23,2025-08-22 16:44,2025-08-23 07:24
1,2025-08-20 08:23,2025-08-22 11:09,2025-08-22 05:53
1,2025-08-20 08:23,2025-08-22 10:30,2025-08-22 15:56
1,2025-08-20 08:24,2025-08-26 09:25,2025-08-26 08:33
1,2025-08-20 08:24,2025-08-25 11:21,2025-08-25 20:54
1,2025-08-20 08:24,2025-08-25 08:46,2025-08-25 12:29
1,2025-08-20 08:24,2025-08-22 15:21,2025-08-23 08:54
1,2025-08-20 12:57,2025-08-22 17:14,2025-08-22 14:10
1,2025-08-20 16:00,2025-08-25 11:05,2025-08-26 05:00
1,2025-08-20 16:07,2025-08-25 14:50,2025-08-24 23:58
1,2025-08-20 16:07,2025-08-25 14:29,2025-08-25 17:14
1,2025-08-20 16:07,2025-08-25 13:29,2025-08-25 10:55
1,2025-08-20 16:07,2025-08-25 12:19,2025-08-26 01:41
1,2025-08-20 16:07,2025-08-25 11:23,2025-08-26 08:17
1,2025-08-20 16:07,2025-08-25 11:16,2025-08-25 17:55
1,2025-08-20 16:07,2025-08-23 11:34,2025-08-23 23:07
1,2025-08-20 16:07,2025-08-22 15:49,2025-08-22 08:25
1,2025-08-20 16:07,2025-08-22 15:42,2025-08-22 22:09
1,2025-08-20 16:07,2025-08-22 14:57,2025-08-23 13:56
1,2025-08-20 16:07,2025-08-22 13:39,2025-08-23 03:18
1,2025-08-20 16:07,2025-08-22 13:37,2025-08-23 00:18
1,2025-08-20 16:07,2025-08-22 13:26,2025-08-23 06:48
1,2025-08-20 16:07,2025-08-22 13:17,2025-08-23 04:23
1,2025-08-20 16:07,2025-08-22 13:16,2025-08-22 14:02
1,2025-08-20 16:07,2025-08-22 13:08,2025-08-22 21:33
1,2025-08-20 16:07,2025-08-22 13:03,2025-08-22 21:44
1,2025-08-20 16:07,2025-08-22 12:18,2025-08-22 12:35
1,2025-08-20 16:07,2025-08-22 11:53,2025-08-22 13:09
1,2025-08-20 16:07,2025-08-22 11:31,2025-08-22 15:46
1,2025-08-20 16:07,2025-08-22 10:39,2025-08-23 00:02
1,2025-08-20 16:57,2025-08-25 11:13,2025-08-25 23:07
1,2025-08-20 16:57,2025-08-25 09:51,2025-08-25 04:57
1,2025-08-20 16:57,2025-08-22 11:19,2025-08-22 03:08
1,2025-08-20 17:18,2025-08-22 10:27,2025-08-22 20:18
1,2025-08-20 17:19,2025-08-25 08:40,2025-08-24 18:56
1,2025-08-20 17:19,2025-08-22 11:29,2025-08-22 13:17
1,2025-08-20 17:20,2025-08-26 09:25,2025-08-25 06:41
1,2025-08-20 17:20,2025-08-25 09:43,2025-08-25 21:02
1,2025-08-20 17:20,2025-08-22 12:19,2025-08-22 19:18
1,2025-08-20 17:40,2025-08-25 08:23,2025-08-25 06:44
1,2025-08-20 17:40,2025-08-22 16:34,2025-08-23 02:09
1,2025-08-20 17:40,2025-08-22 11:39,2025-08-21 23:13
1,2025-08-20 17:40,2025-08-22 11:20,2025-08-22 18:54
1,2025-08-20 17:47,2025-08-25 10:39,2025-08-25 09:05
1,2025-08-20 17:47,2025-08-25 10:35,2025-08-25 23:52
1,2025-08-20 17:47,2025-08-22 15:49,2025-08-22 22:19
1,2025-08-20 17:47,2025-08-22 11:03,2025-08-23 04:00
1,2025-08-20 17:47,2025-08-22 10:38,2025-08-22 13:21
1,2025-08-21 00:00,2025-08-25 12:27,2025-08-24 22:42
1,2025-08-21 00:00,2025-08-25 10:29,2025-08-25 19:18
1,2025-08-21 08:29,2025-08-26 10:08,2025-08-26 18:22
1,2025-08-21 08:29,2025-08-25 12:00,2025-08-26 00:38
1,2025-08-21 08:29,2025-08-25 09:32,2025-08-25 06:29
1,2025-08-21 08:30,2025-08-25 10:30,2025-08-25 18:02
1,2025-08-21 11:18,2025-08-26 10:17,2025-08-27 03:09
1,2025-08-21 11:18,2025-08-25 09:57,2025-08-25 09:48
1,2025-08-21 14:56,2025-08-26 10:36,2025-08-27 02:18
1,2025-08-21 14:57,2025-08-25 10:36,2025-08-25 16:54
1,2025-08-21 15:05,2025-08-25 14:10,2025-08-26 03:17
1,2025-08-21 15:05,2025-08-25 13:42,2025-08-26 02:51
1,2025-08-21 15:05,2025-08-25 13:38,2025-08-25 20:43
1,2025-08-21 15:05,2025-08-25 11:43,2025-08-25 06:32
1,2025-08-21 15:05,2025-08-25 11:11,2025-08-25 03:56
1,2025-08-21 15:05,2025-08-25 10:13,2025-08-26 04:17
1,2025-08-21 15:05,2025-08-25 10:10,2025-08-26 04:16
1,2025-08-21 15:05,2025-08-25 10:09,2025-08-25 20:17
1,2025-08-21 15:05,2025-08-25 09:19,2025-08-26 03:45
1,2025-08-21 15:05,2025-08-25 09:01,2025-08-25 10:49
1,2025-08-21 15:05,2025-08-25 08:57,2025-08-25 05:42
1,2025-08-21 15:05,2025-08-25 08:05,2025-08-25 11:59
1,2025-08-21 15:05,2025-08-25 08:05,2025-08-25 02:36
1,2025-08-21 15:05,2025-08-22 15:32,2025-08-22 09:36
1,2025-08-21 15:05,2025-08-22 12:06,2025-08-22 20:41
1,2025-08-21 15:05,2025-08-22 11:35,2025-08-22 13:39
1,2025-08-21 16:08,2025-08-26 11:55,2025-08-26 13:46
1,2025-08-21 16:08,2025-08-26 10:58,2025-08-27 01:09
1,2025-08-21 16:08,2025-08-26 09:33,2025-08-25 20:18
1,2025-08-21 16:08,2025-08-26 09:30,2025-08-26 02:38
1,2025-08-21 16:08,2025-08-25 16:05,2025-08-26 04:51
1,2025-08-21 16:08,2025-08-25 15:41,2025-08-26 02:41
1,2025-08-21 16:08,2025-08-25 14:59,2025-08-26 00:35
1,2025-08-21 16:08,2025-08-25 13:58,2025-08-25 19:41
1,2025-08-21 16:08,2025-08-25 13:16,2025-08-26 12:24
1,2025-08-21 16:08,2025-08-25 13:14,2025-08-25 23:53
1,2025-08-21 16:08,2025-08-25 12:57,2025-08-25 12:49
1,2025-08-21 16:08,2025-08-25 12:32,2025-08-25 20:51
1,2025-08-21 16:08,2025-08-25 12:26,2025-08-25 18:08
1,2025-08-21 16:08,2025-08-25 12:10,2025-08-25 19:18
1,2025-08-21 16:08,2025-08-25 12:04,2025-08-25 17:38
1,2025-08-21 16:08,2025-08-25 11:54,2025-08-25 07:52
1,2025-08-21 16:08,2025-08-25 11:51,2025-08-25 21:22
1,2025-08-21 16:08,2025-08-25 11:27,2025-08-25 17:41
1,2025-08-21 16:08,2025-08-25 11:14,2025-08-25 19:24
1,2025-08-21 16:08,2025-08-25 11:11,2025-08-25 11:05
1,2025-08-21 16:08,2025-08-25 10:46,2025-08-25 05:54
1,2025-08-21 16:08,2025-08-25 10:41,2025-08-26 00:35
1,2025-08-21 16:08,2025-08-25 10:39,2025-08-25 21:52
1,2025-08-21 16:08,2025-08-25 10:14,2025-08-25 04:04
1,2025-08-21 16:08,2025-08-25 09:57,2025-08-25 16:22
1,2025-08-21 16:08,2025-08-25 09:41,2025-08-26 07:31
1,2025-08-21 16:08,2025-08-25 09:40,2025-08-25 00:06
1,2025-08-21 16:08,2025-08-25 09:30,2025-08-25 07:59
1,2025-08-21 16:08,2025-08-22 12:29,2025-08-23 06:20
1,2025-08-21 16:08,2025-08-22 11:54,2025-08-22 15:47
1,2025-08-21 16:08,2025-08-22 11:54,2025-08-23 04:45
1,2025-08-21 16:24,2025-08-25 08:05,2025-08-24 21:43
1,2025-08-21 16:24,2025-08-22 11:20,2025-08-22 07:59
1,2025-08-22 07:57,2025-08-26 12:26,2025-08-27 01:10
1,2025-08-22 07:58,2025-08-28 10:00,2025-08-28 13:54
1,2025-08-22 07:58,2025-08-26 10:32,2025-08-26 16:22
1,2025-08-22 07:59,2025-08-26 12:05,2025-08-26 19:30
1,2025-08-22 15:01,2025-08-27 11:16,2025-08-28 04:34
1,2025-08-22 15:01,2025-08-26 13:19,2025-08-27 00:42
1,2025-08-22 15:01,2025-08-26 12:46,2025-08-26 10:24
1,2025-08-22 15:01,2025-08-26 12:22,2025-08-27 13:31
1,2025-08-22 15:01,2025-08-26 11:10,2025-08-27 09:34
1,2025-08-22 15:01,2025-08-26 09:14,2025-08-26 19:54
1,2025-08-22 15:01,2025-08-26 07:35,2025-08-26 10:08
1,2025-08-22 15:01,2025-08-25 13:19,2025-08-25 17:45
1,2025-08-22 15:01,2025-08-25 12:40,2025-08-25 21:23
1,2025-08-22 15:01,2025-08-25 11:48,2025-08-25 19:02
1,2025-08-22 15:01,2025-08-25 10:19,2025-08-25 21:55
1,2025-08-22 15:30,2025-08-26 10:37,2025-08-26 15:29
1,2025-08-22 15:30,2025-08-26 09:36,2025-08-26 08:40
1,2025-08-22 15:32,2025-08-28 12:13,2025-08-28 05:56
1,2025-08-22 15:32,2025-08-27 12:00,2025-08-27 07:39
1,2025-08-22 15:32,2025-08-27 10:18,2025-08-27 03:35
1,2025-08-22 15:32,2025-08-27 09:50,2025-08-28 05:30
1,2025-08-22 15:32,2025-08-27 09:40,2025-08-27 11:11
1,2025-08-22 15:32,2025-08-27 09:01,2025-08-27 21:20
1,2025-08-22 15:32,2025-08-26 16:04,2025-08-27 03:26
1,2025-08-22 15:32,2025-08-26 15:05,2025-08-27 00:00
1,2025-08-22 15:32,2025-08-26 13:51,2025-08-26 22:06
1,2025-08-22 15:32,2025-08-26 12:59,2025-08-26 16:44
1,2025-08-22 15:32,2025-08-26 12:55,2025-08-27 05:08
1,2025-08-22 15:32,2025-08-26 12:04,2025-08-26 21:01
1,2025-08-22 15:32,2025-08-26 11:25,2025-08-26 03:08
1,2025-08-22 15:32,2025-08-25 15:08,2025-08-25 08:36
1,2025-08-22 15:32,2025-08-25 14:36,2025-08-26 05:10
1,2025-08-22 15:32,2025-08-25 14:08,2025-08-25 13:12
1,2025-08-22 15:32,2025-08-25 12:12,2025-08-26 02:47
1,2025-08-22 15:32,2025-08-25 11:51,2025-08-25 04:27
1,2025-08-22 15:32,2025-08-25 11:46,2025-08-26 09:25
1,2025-08-22 15:32,2025-08-25 11:16,2025-08-26 02:01
1,2025-08-22 15:32,2025-08-25 11:05,2025-08-25 18:21
1,2025-08-22 15:32,2025-08-25 09:54,2025-08-25 14:52
1,2025-08-22 15:32,2025-08-25 07:29,2025-08-25 04:41
1,2025-08-22 15:37,2025-08-27 14:03,2025-08-27 22:59
1,2025-08-22 15:37,2025-08-27 10:27,2025-08-26 18:51
1,2025-08-22 15:37,2025-08-27 09:59,2025-08-28 02:03
1,2025-08-22 15:37,2025-08-25 11:21,2025-08-25 23:39
1,2025-08-22 15:41,2025-08-27 07:47,2025-08-27 11:05
1,2025-08-22 15:41,2025-08-26 14:52,2025-08-27 02:50
1,2025-08-22 15:41,2025-08-26 12:53,2025-08-26 18:58
1,2025-08-22 15:41,2025-08-26 08:35,2025-08-25 23:43
1,2025-08-22 15:41,2025-08-26 08:12,2025-08-26 09:28
1,2025-08-22 15:41,2025-08-25 11:10,2025-08-25 21:28
1,2025-08-22 15:41,2025-08-25 10:07,2025-08-25 09:53
1,2025-08-22 15:41,2025-08-25 09:34,2025-08-25 16:33
1,2025-08-22 15:41,2025-08-25 09:03,2025-08-25 12:12
1,2025-08-22 15:41,2025-08-25 08:39,2025-08-25 07:38
1,2025-08-22 15:41,2025-08-25 07:39,2025-08-25 19:48
1,2025-08-22 16:05,2025-08-26 11:03,2025-08-27 08:26
1,2025-08-22 16:06,2025-08-26 11:09,2025-08-26 13:10
1,2025-08-22 16:07,2025-08-26 12:27,2025-08-26 17:41
1,2025-08-22 16:07,2025-08-26 09:56,2025-08-26 06:04
1,2025-08-22 16:08,2025-08-27 12:34,2025-08-27 10:39
1,2025-08-22 16:09,2025-08-26 10:53,2025-08-26 10:54
1,2025-08-22 16:09,2025-08-26 10:50,2025-08-27 06:19
1,2025-08-22 16:10,2025-08-26 10:27,2025-08-26 20:08
1,2025-08-25 00:00,2025-08-27 12:03,2025-08-27 17:08
1,2025-08-25 07:48,2025-08-27 13:26,2025-08-27 10:04
1,2025-08-25 07:49,2025-08-28 11:30,2025-08-28 10:32
1,2025-08-25 10:00,2025-08-27 11:08,2025-08-26 23:37
1,2025-08-25 15:05,2025-08-27 16:25,2025-08-28 05:48
1,2025-08-25 15:56,2025-08-29 11:08,2025-08-30 03:53
1,2025-08-25 15:56,2025-08-29 10:31,2025-08-29 20:39
1,2025-08-25 15:56,2025-08-29 09:58,2025-08-30 03:46
1,2025-08-25 15:56,2025-08-28 12:33,2025-08-29 07:53
1,2025-08-25 15:56,2025-08-28 12:29,2025-08-29 00:34
1,2025-08-25 15:56,2025-08-28 12:29,2025-08-28 19:11
1,2025-08-25 15:56,2025-08-28 11:31,2025-08-29 01:06
1,2025-08-25 15:56,2025-08-28 10:25,2025-08-28 21:44
1,2025-08-25 15:56,2025-08-28 09:59,2025-08-28 16:11
1,2025-08-25 15:56,2025-08-27 15:39,2025-08-27 15:07
1,2025-08-25 15:56,2025-08-27 15:01,2025-08-27 15:01
1,2025-08-25 15:56,2025-08-27 14:57,2025-08-27 19:07
1,2025-08-25 15:56,2025-08-27 14:28,2025-08-27 21:34
1,2025-08-25 15:56,2025-08-27 14:04,2025-08-27 18:55
1,2025-08-25 15:56,2025-08-27 13:31,2025-08-27 06:37
1,2025-08-25 15:56,2025-08-27 12:14,2025-08-26 23:33
1,2025-08-25 15:56,2025-08-27 12:11,2025-08-27 15:24
1,2025-08-25 15:56,2025-08-27 12:09,2025-08-28 00:13
1,2025-08-25 15:56,2025-08-27 12:09,2025-08-27 13:26
1,2025-08-25 15:56,2025-08-27 12:09,2025-08-28 00:37
1,2025-08-25 15:56,2025-08-27 10:32,2025-08-27 00:44
1,2025-08-25 15:56,2025-08-27 09:07,2025-08-27 15:37
1,2025-08-25 15:56,2025-08-27 09:07,2025-08-27 14:06
1,2025-08-25 15:56,2025-08-26 11:23,2025-08-26 18:52
1,2025-08-25 16:21,2025-08-27 14:31,2025-08-27 10:32
1,2025-08-25 16:21,2025-08-27 11:49,2025-08-27 03:27
1,2025-08-25 16:21,2025-08-27 11:47,2025-08-28 02:58
1,2025-08-25 16:21,2025-08-27 10:30,2025-08-27 21:44
1,2025-08-25 16:21,2025-08-26 13:03,2025-08-26 13:38
1,2025-08-25 16:21,2025-08-26 12:53,2025-08-27 09:16
1,2025-08-25 16:21,2025-08-26 10:12,2025-08-26 18:29
1,2025-08-25 16:21,2025-08-26 10:05,2025-08-26 14:44
1,2025-08-25 16:21,2025-08-26 07:09,2025-08-26 07:21
1,2025-08-25 16:30,2025-08-28 11:19,2025-08-28 07:21
1,2025-08-25 16:30,2025-08-28 09:53,2025-08-28 07:59
1,2025-08-25 16:30,2025-08-27 13:52,2025-08-27 09:30
1,2025-08-25 16:30,2025-08-27 13:32,2025-08-27 23:07
1,2025-08-25 16:30,2025-08-27 11:28,2025-08-27 18:11
1,2025-08-25 16:30,2025-08-27 10:40,2025-08-27 00:52
1,2025-08-25 16:30,2025-08-27 10:04,2025-08-27 19:16
1,2025-08-25 16:30,2025-08-27 09:00,2025-08-27 15:44
1,2025-08-25 16:30,2025-08-26 14:55,2025-08-26 13:06
1,2025-08-25 16:30,2025-08-26 14:05,2025-08-26 17:47
1,2025-08-25 16:30,2025-08-26 13:01,2025-08-26 17:58
1,2025-08-25 16:30,2025-08-26 12:16,2025-08-26 15:33
1,2025-08-25 17:09,2025-08-27 12:11,2025-08-27 00:20
1,2025-08-25 17:09,2025-08-27 11:09,2025-08-27 17:50
1,2025-08-25 17:09,2025-08-26 10:40,2025-08-26 11:50
1,2025-08-25 17:10,2025-08-27 13:52,2025-08-28 14:21
1,2025-08-25 17:10,2025-08-27 11:27,2025-08-27 01:06
1,2025-08-25 17:10,2025-08-27 10:52,2025-08-28 02:55
1,2025-08-25 17:11,2025-08-28 09:57,2025-08-28 16:06
1,2025-08-26 00:00,2025-09-02 16:04,2025-09-02 22:08
1,2025-08-26 00:00,2025-09-02 15:05,2025-09-02 13:54
1,2025-08-26 00:00,2025-08-29 11:07,2025-08-29 13:15
1,2025-08-26 00:00,2025-08-29 10:52,2025-08-29 13:53
1,2025-08-26 00:00,2025-08-29 10:26,2025-08-29 04:53
1,2025-08-26 08:05,2025-08-29 14:02,2025-08-30 01:17
1,2025-08-26 08:05,2025-08-27 14:14,2025-08-28 08:39
1,2025-08-26 08:06,2025-08-28 15:18,2025-08-28 18:01
1,2025-08-26 08:06,2025-08-28 10:32,2025-08-28 14:32
1,2025-08-26 08:07,2025-08-29 09:10,2025-08-29 19:43
1,2025-08-26 11:35,2025-09-03 09:49,2025-09-03 12:25
1,2025-08-26 14:35,2025-08-28 13:40,2025-08-28 21:06
1,2025-08-26 14:35,2025-08-28 11:59,2025-08-29 02:55
1,2025-08-26 14:35,2025-08-28 11:19,2025-08-28 22:38
1,2025-08-26 14:35,2025-08-28 11:03,2025-08-28 03:15
1,2025-08-26 14:35,2025-08-28 09:28,2025-08-28 11:43
1,2025-08-26 14:35,2025-08-27 14:25,2025-08-27 23:41
1,2025-08-26 14:35,2025-08-27 12:23,2025-08-28 02:22
1,2025-08-26 14:35,2025-08-27 11:05,2025-08-27 14:08
1,2025-08-26 15:43,2025-08-29 12:25,2025-08-29 11:35
1,2025-08-26 15:43,2025-08-29 08:06,2025-08-29 16:13
1,2025-08-26 15:43,2025-08-28 14:16,2025-08-29 07:48
1,2025-08-26 15:43,2025-08-28 13:58,2025-08-28 18:10
1,2025-08-26 15:43,2025-08-28 12:59,2025-08-29 08:11
1,2025-08-26 15:43,2025-08-28 12:48,2025-08-28 20:16
1,2025-08-26 15:43,2025-08-28 12:06,2025-08-28 04:55
1,2025-08-26 15:43,2025-08-28 11:14,2025-08-28 07:08
1,2025-08-26 15:43,2025-08-28 11:02,2025-08-29 08:23
1,2025-08-26 15:43,2025-08-28 09:27,2025-08-28 12:28
1,2025-08-26 15:43,2025-08-27 09:22,2025-08-27 22:27
1,2025-08-26 16:19,2025-09-02 13:14,2025-09-02 13:03
1,2025-08-26 16:19,2025-09-02 11:11,2025-09-02 15:57
1,2025-08-26 16:19,2025-08-29 14:25,2025-08-29 12:38
1,2025-08-26 16:19,2025-08-29 13:55,2025-08-29 15:57
1,2025-08-26 16:19,2025-08-29 13:46,2025-08-29 11:55
1,2025-08-26 16:19,2025-08-29 13:06,2025-08-29 20:56
1,2025-08-26 16:19,2025-08-29 12:50,2025-08-29 17:18
1,2025-08-26 16:19,2025-08-29 12:48,2025-08-29 18:11
1,2025-08-26 16:19,2025-08-29 11:57,2025-08-29 13:28
1,2025-08-26 16:19,2025-08-29 10:43,2025-08-29 23:26
1,2025-08-26 16:19,2025-08-29 10:34,2025-08-29 08:43
1,2025-08-26 16:19,2025-08-29 10:25,2025-08-29 16:26
1,2025-08-26 16:19,2025-08-29 10:18,2025-08-29 16:38
1,2025-08-26 16:19,2025-08-29 10:10,2025-08-29 21:11
1,2025-08-26 16:19,2025-08-28 14:07,2025-08-29 00:13
1,2025-08-26 16:19,2025-08-28 13:52,2025-08-28 16:53
1,2025-08-26 16:19,2025-08-28 13:04,2025-08-28 17:46
1,2025-08-26 16:19,2025-08-28 12:31,2025-08-29 10:17
1,2025-08-26 16:19,2025-08-28 12:04,2025-08-28 15:51
1,2025-08-26 16:19,2025-08-28 11:31,2025-08-28 19:15
1,2025-08-26 16:19,2025-08-28 11:23,2025-08-28 13:17
1,2025-08-26 16:19,2025-08-28 09:45,2025-08-28 08:23
1,2025-08-26 16:19,2025-08-27 08:55,2025-08-27 20:06
1,2025-08-26 17:13,2025-08-28 14:12,2025-08-28 21:47
1,2025-08-26 17:14,2025-08-28 12:43,2025-08-28 01:12
1,2025-08-26 17:14,2025-08-27 11:20,2025-08-28 01:30
1,2025-08-27 08:10,2025-09-03 13:24,2025-09-03 10:51
1,2025-08-27 08:10,2025-09-02 08:27,2025-09-02 09:09
1,2025-08-27 08:11,2025-09-03 09:59,2025-09-03 04:45
1,2025-08-27 08:11,2025-09-02 14:20,2025-09-02 22:52
1,2025-08-27 08:11,2025-08-29 11:18,2025-08-29 22:14
1,2025-08-27 14:42,2025-09-02 13:26,2025-09-02 19:15
1,2025-08-27 14:42,2025-09-02 10:01,2025-09-02 10:54
1,2025-08-27 14:42,2025-08-29 11:44,2025-08-29 01:23
1,2025-08-27 15:56,2025-08-28 10:06,2025-08-28 19:03
1,2025-08-27 15:57,2025-09-03 12:34,2025-09-03 10:14
1,2025-08-27 15:58,2025-09-02 12:53,2025-09-02 22:48
1,2025-08-27 16:26,2025-09-02 15:11,2025-09-02 14:11
1,2025-08-27 16:26,2025-09-02 15:06,2025-09-03 15:51
1,2025-08-27 16:26,2025-09-02 14:40,2025-09-02 04:58
1,2025-08-27 16:26,2025-09-02 13:11,2025-09-02 11:59
1,2025-08-27 16:26,2025-09-02 12:48,2025-09-02 14:54
1,2025-08-27 16:26,2025-09-02 12:37,2025-09-02 05:15
1,2025-08-27 16:26,2025-09-02 12:29,2025-09-02 12:56
1,2025-08-27 16:26,2025-09-02 10:22,2025-09-03 03:43
1,2025-08-27 16:26,2025-08-29 15:04,2025-08-29 23:13
1,2025-08-27 16:26,2025-08-29 14:17,2025-08-30 14:01
1,2025-08-27 16:26,2025-08-29 14:16,2025-08-30 11:04
1,2025-08-27 16:26,2025-08-29 13:31,2025-08-29 19:27
1,2025-08-27 16:26,2025-08-29 13:12,2025-08-29 16:41
1,2025-08-27 16:26,2025-08-29 12:58,2025-08-29 14:38
1,2025-08-27 16:26,2025-08-29 12:39,2025-08-29 16:56
1,2025-08-27 16:26,2025-08-29 12:17,2025-08-29 13:33
1,2025-08-27 16:26,2025-08-29 12:05,2025-08-29 12:14
1,2025-08-27 16:26,2025-08-29 11:25,2025-08-28 23:20
1,2025-08-27 16:26,2025-08-29 10:32,2025-08-29 16:44
1,2025-08-27 16:26,2025-08-29 10:24,2025-08-29 11:20
1,2025-08-27 16:26,2025-08-29 10:21,2025-08-29 08:44
1,2025-08-27 16:26,2025-08-29 10:03,2025-08-28 19:42
1,2025-08-27 16:26,2025-08-28 12:26,2025-08-29 03:00
1,2025-08-27 16:26,2025-08-28 09:41,2025-08-28 07:26
1,2025-08-27 16:44,2025-09-02 10:33,2025-09-02 13:38
1,2025-08-27 16:44,2025-08-29 14:22,2025-08-30 06:29
1,2025-08-27 16:44,2025-08-29 13:58,2025-08-30 05:03
1,2025-08-27 16:44,2025-08-29 12:56,2025-08-29 03:18
1,2025-08-27 16:44,2025-08-29 12:49,2025-08-29 21:52
1,2025-08-27 16:44,2025-08-29 12:26,2025-08-29 23:13
1,2025-08-27 16:44,2025-08-29 10:21,2025-08-29 16:07
1,2025-08-27 16:44,2025-08-29 09:22,2025-08-29 15:30
1,2025-08-27 16:44,2025-08-29 08:49,2025-08-29 07:19
1,2025-08-27 16:44,2025-08-29 07:45,2025-08-29 02:30
1,2025-08-27 16:44,2025-08-28 14:54,2025-08-29 13:31
1,2025-08-27 16:44,2025-08-28 13:12,2025-08-28 17:46
1,2025-08-27 16:44,2025-08-28 11:46,2025-08-28 15:02
1,2025-08-27 16:44,2025-08-28 11:10,2025-08-29 03:10
1,2025-08-27 16:44,2025-08-28 10:37,2025-08-28 09:36
1,2025-08-27 17:22,2025-08-29 13:42,2025-08-29 07:09
1,2025-08-27 17:22,2025-08-29 11:12,2025-08-29 19:54
1,2025-08-27 17:22,2025-08-29 10:47,2025-08-29 13:53
1,2025-08-27 17:22,2025-08-29 10:43,2025-08-29 14:42
1,2025-08-27 17:22,2025-08-29 09:52,2025-08-29 12:15
1,2025-08-27 17:22,2025-08-29 09:15,2025-08-29 17:10
1,2025-08-27 17:22,2025-08-29 08:32,2025-08-29 19:59
1,2025-08-27 17:22,2025-08-28 14:19,2025-08-28 13:16
1,2025-08-27 17:22,2025-08-28 12:53,2025-08-28 12:11
1,2025-08-27 17:22,2025-08-28 12:49,2025-08-28 05:22
1,2025-08-27 17:22,2025-08-28 11:19,2025-08-29 03:18
1,2025-08-27 17:22,2025-08-28 10:05,2025-08-28 12:01
1,2025-08-27 17:22,2025-08-28 10:04,2025-08-28 19:09
1,2025-08-27 17:22,2025-08-28 07:08,2025-08-29 03:47
1,2025-08-28 08:03,2025-09-03 13:12,2025-09-03 11:25
1,2025-08-28 08:03,2025-09-03 11:31,2025-09-03 12:04
1,2025-08-28 08:04,2025-09-02 13:01,2025-09-02 19:25
1,2025-08-28 08:04,2025-09-02 11:27,2025-09-02 12:53
1,2025-08-28 08:05,2025-09-03 11:39,2025-09-04 01:40
1,2025-08-28 13:29,2025-08-29 10:14,2025-08-29 09:23
1,2025-08-28 13:29,2025-08-29 10:14,2025-08-29 16:00
1,2025-08-28 14:12,2025-09-03 10:31,2025-09-03 21:23
1,2025-08-28 14:13,2025-09-03 10:24,2025-09-04 06:40
1,2025-08-28 14:38,2025-09-03 12:25,2025-09-03 16:15
1,2025-08-28 14:38,2025-09-02 12:42,2025-09-02 15:18
1,2025-08-28 14:38,2025-09-02 12:29,2025-09-02 13:09
1,2025-08-28 14:38,2025-09-02 10:47,2025-09-02 19:17
1,2025-08-28 14:38,2025-09-02 10:30,2025-09-02 00:39
1,2025-08-28 14:38,2025-09-02 10:21,2025-09-02 09:19
1,2025-08-28 14:38,2025-09-02 09:34,2025-09-03 00:02
1,2025-08-28 14:38,2025-09-02 08:41,2025-09-02 00:39
1,2025-08-28 14:38,2025-09-02 07:14,2025-09-01 08:03
1,2025-08-28 14:38,2025-08-29 12:16,2025-08-29 23:30
1,2025-08-28 14:38,2025-08-29 11:09,2025-08-29 04:24
1,2025-08-28 15:31,2025-09-03 15:42,2025-09-03 18:32
1,2025-08-28 15:31,2025-09-03 13:26,2025-09-03 14:06
1,2025-08-28 15:31,2025-09-03 12:35,2025-09-04 03:37
1,2025-08-28 15:31,2025-09-03 11:42,2025-09-03 23:22
1,2025-08-28 15:31,2025-09-03 11:35,2025-09-03 09:55
1,2025-08-28 15:31,2025-09-03 11:17,2025-09-03 13:57
1,2025-08-28 15:31,2025-09-02 16:01,2025-09-02 08:51
1,2025-08-28 15:31,2025-09-02 13:50,2025-09-02 11:11
1,2025-08-28 15:31,2025-09-02 13:24,2025-09-02 15:29
1,2025-08-28 15:31,2025-09-02 13:15,2025-09-02 09:43
1,2025-08-28 15:31,2025-09-02 12:35,2025-09-02 17:45
1,2025-08-28 15:31,2025-09-02 12:16,2025-09-02 11:56
1,2025-08-28 15:31,2025-09-02 11:57,2025-09-02 15:48
1,2025-08-28 15:31,2025-09-02 11:48,2025-09-03 07:06
1,2025-08-28 15:31,2025-09-02 11:30,2025-09-02 11:54
1,2025-08-28 15:31,2025-09-02 10:45,2025-09-02 19:40
1,2025-08-28 15:31,2025-09-02 10:12,2025-09-02 18:39
1,2025-08-28 15:31,2025-09-02 10:01,2025-09-03 07:15
1,2025-08-28 15:31,2025-09-02 09:43,2025-09-02 11:55
1,2025-08-28 15:31,2025-09-02 09:04,2025-09-02 10:05
1,2025-08-28 15:31,2025-08-29 13:26,2025-08-30 12:25
1,2025-08-28 15:31,2025-08-29 09:15,2025-08-29 06:02
1,2025-08-28 16:15,2025-09-03 08:22,2025-09-02 20:45
1,2025-08-28 16:15,2025-09-02 11:58,2025-09-02 19:15
1,2025-08-28 16:15,2025-09-02 11:41,2025-09-03 04:56
1,2025-08-28 16:15,2025-09-02 10:01,2025-09-02 15:06
1,2025-08-28 16:15,2025-09-02 09:18,2025-09-02 23:49
1,2025-08-28 16:15,2025-09-02 09:07,2025-09-02 16:42
1,2025-08-28 16:15,2025-09-02 09:03,2025-09-02 01:03
1,2025-08-28 16:15,2025-09-02 08:57,2025-09-02 13:09
1,2025-08-28 16:15,2025-08-29 13:12,2025-08-29 15:54
1,2025-08-28 16:15,2025-08-29 11:40,2025-08-30 08:33
1,2025-08-28 16:15,2025-08-29 11:25,2025-08-30 01:48
1,2025-08-28 16:15,2025-08-29 10:45,2025-08-29 10:06
1,2025-08-28 16:15,2025-08-29 10:17,2025-08-29 08:06
1,2025-08-28 16:15,2025-08-29 10:03,2025-08-29 14:38
1,2025-08-28 16:15,2025-08-29 09:32,2025-08-29 20:47
1,2025-08-28 17:28,2025-09-03 13:32,2025-09-03 19:13
1,2025-08-28 17:28,2025-09-02 12:46,2025-09-03 06:44
1,2025-08-28 17:28,2025-09-02 11:47,2025-09-02 14:39
1,2025-08-28 17:28,2025-09-02 10:21,2025-09-02 11:10
1,2025-08-28 17:28,2025-08-29 12:02,2025-08-29 16:49
1,2025-08-28 17:28,2025-08-29 11:19,2025-08-30 08:00
1,2025-08-29 07:52,2025-09-03 12:29,2025-09-03 19:45
1,2025-08-29 07:52,2025-09-03 11:51,2025-09-03 22:40
1,2025-08-29 07:53,2025-09-03 13:26,2025-09-03 20:51
1,2025-08-29 07:54,2025-09-03 10:54,2025-09-03 20:49
1,2025-08-29 15:06,2025-09-02 14:08,2025-09-03 05:21
1,2025-08-29 15:06,2025-09-02 11:51,2025-09-02 20:57
1,2025-08-29 17:08,2025-09-04 08:52,2025-09-04 15:54
1,2025-08-29 17:08,2025-09-03 12:25,2025-09-03 10:20
1,2025-08-29 17:08,2025-09-03 12:04,2025-09-03 11:24
1,2025-08-29 17:08,2025-09-03 11:51,2025-09-03 20:35
1,2025-08-29 17:08,2025-09-03 11:29,2025-09-03 04:18
1,2025-08-29 17:08,2025-09-03 11:18,2025-09-04 04:13
1,2025-08-29 17:08,2025-09-03 09:39,2025-09-03 05:20
1,2025-08-29 17:08,2025-09-02 14:33,2025-09-02 22:56
1,2025-08-29 17:08,2025-09-02 12:27,2025-09-02 23:07
1,2025-08-29 17:08,2025-09-02 11:01,2025-09-02 16:39
1,2025-08-29 17:08,2025-09-02 10:46,2025-09-02 12:37
1,2025-08-29 17:08,2025-09-02 10:21,2025-09-02 19:44
1,2025-08-29 17:08,2025-09-02 10:15,2025-09-03 04:30
1,2025-08-29 17:08,2025-09-02 09:36,2025-09-02 09:31
1,2025-08-30 00:00,2025-08-31 00:00,2025-08-31 00:00
1,2025-08-31 00:00,2025-09-02 00:00,2025-09-02 00:00
1,2025-08-31 00:00,2025-09-04 00:00,2025-09-04 00:00
1,2025-09-01 00:00,2025-09-05 00:00,2025-09-06 00:00
1,2025-09-02 00:00,2025-09-03 08:27,2025-09-03 13:30
1,2025-09-02 00:00,2025-09-04 00:00,2025-09-04 00:00
1,2025-09-02 08:15,2025-09-03 11:13,2025-09-03 09:56
1,2025-09-02 15:55,2025-09-03 10:26,2025-09-03 17:42
1,2025-09-02 15:55,2025-09-03 09:21,2025-09-03 06:33
1,2025-09-02 15:56,2025-09-03 14:03,2025-09-03 16:46
1,2025-09-02 16:32,2025-09-03 11:44,2025-09-03 04:32
1,2025-09-02 16:32,2025-09-03 11:25,2025-09-03 17:00
1,2025-09-02 16:32,2025-09-03 11:17,2025-09-03 15:48
1,2025-09-02 16:32,2025-09-03 10:43,2025-09-03 07:31
1,2025-09-02 16:32,2025-09-03 10:33,2025-09-03 09:03
1,2025-09-03 00:00,2025-09-04 00:00,2025-09-05 00:00
1,2025-09-03 00:00,2025-09-06 00:00,2025-09-07 00:00
1,2025-09-03 00:00,2025-09-05 00:00,2025-09-05 00:00
1,2025-09-07 00:00,2025-09-09 00:00,2025-09-09 00:00
1,2025-09-07 00:00,2025-09-11 00:00,2025-09-11 00:00
1,2025-09-11 00:00,2025-09-15 00:00,2025-09-15 00:00
1,2025-09-12 00:00,2025-09-14 00:00,2025-09-14 00:00
1,2025-09-14 00:00,2025-09-17 00:00,2025-09-18 00:00
1,2025-09-17 00:00,2025-09-18 00:00,2025-09-19 00:00
1,2025-09-18 00:00,2025-09-18 00:00,2025-09-19 00:00
1,2025-09-22 16:27,2025-09-27 01:40,2025-09-27 12:28
1,2025-09-23 11:49,2025-09-24 15:28,2025-09-27 07:52
1,2025-09-27 16:03,2025-09-30 11:20,2025-10-02 08:19
1,2025-10-03 14:21,2025-10-06 04:53,2025-10-09 02:15
1,2025-10-10 15:11,2025-10-14 01:08,2025-10-14 17:05
1,2025-10-14 15:40,2025-10-16 14:45,2025-10-21 22:13
1,2025-10-18 16:22,2025-10-23 13:57,2025-10-22 21:48
1,2025-10-21 14:28,2025-10-25 16:04,2025-10-23 01:25
2,2025-07-04 00:00,2025-07-07 00:00,2025-07-08 00:00
2,2025-07-04 00:00,2025-07-05 00:00,2025-07-05 00:00
2,2025-07-04 00:00,2025-07-05 00:00,2025-07-05 00:00
2,2025-07-08 00:00,2025-07-13 00:00,2025-07-14 00:00
2,2025-07-12 00:00,2025-07-17 00:00,2025-07-17 00:00
2,2025-07-12 00:00,2025-07-15 00:00,2025-07-15 00:00
2,2025-07-13 00:00,2025-07-17 00:00,2025-07-17 00:00
2,2025-07-14 00:00,2025-07-16 00:00,2025-07-16 00:00
2,2025-07-22 00:00,2025-07-23 00:00,2025-07-23 00:00
2,2025-07-22 00:00,2025-07-29 00:00,2025-07-29 00:00
2,2025-07-24 00:00,2025-07-28 00:00,2025-07-28 00:00
2,2025-07-26 00:00,2025-07-26 00:00,2025-07-27 00:00
2,2025-07-27 00:00,2025-07-29 00:00,2025-07-29 00:00
2,2025-08-01 00:00,2025-08-01 00:00,2025-08-02 00:00
2,2025-08-04 00:00,2025-08-05 00:00,2025-08-05 00:00
2,2025-08-05 00:00,2025-08-06 00:00,2025-08-06 00:00
2,2025-08-05 00:00,2025-08-10 00:00,2025-08-10 00:00
2,2025-08-07 00:00,2025-08-09 00:00,2025-08-09 00:00
2,2025-08-08 00:00,2025-08-12 00:00,2025-08-13 00:00
2,2025-08-10 00:00,2025-08-11 00:00,2025-08-12 00:00
2,2025-08-10 00:00,2025-08-13 00:00,2025-08-13 00:00
2,2025-08-11 00:00,2025-08-12 00:00,2025-08-12 00:00
2,2025-08-13 00:00,2025-08-13 00:00,2025-08-14 00:00
2,2025-08-18 00:00,2025-08-21 00:00,2025-08-21 00:00
2,2025-08-18 12:38,2025-08-26 00:00,2025-08-26 03:40
2,2025-08-19 03:55,2025-08-27 01:49,2025-08-27 15:14
2,2025-08-20 04:18,2025-08-22 12:44,2025-08-22 09:35
2,2025-08-20 04:18,2025-08-22 11:20,2025-08-23 03:47
2,2025-08-20 05:47,2025-08-22 11:09,2025-08-22 05:04
2,2025-08-20 05:48,2025-08-27 10:06,2025-08-27 09:05
2,2025-08-20 05:48,2025-08-22 12:53,2025-08-22 18:22
2,2025-08-20 05:48,2025-08-22 11:02,2025-08-22 13:56
2,2025-08-21 02:45,2025-08-25 12:43,2025-08-25 17:31
2,2025-08-21 02:45,2025-08-25 10:21,2025-08-25 06:07
2,2025-08-21 02:45,2025-08-25 08:36,2025-08-25 08:45
2,2025-08-21 02:45,2025-08-22 11:17,2025-08-22 02:03
2,2025-08-21 02:45,2025-08-22 10:49,2025-08-22 14:07
2,2025-08-21 06:03,2025-08-22 11:58,2025-08-22 00:52
2,2025-08-22 02:42,2025-08-28 11:49,2025-08-28 08:35
2,2025-08-22 02:42,2025-08-26 11:27,2025-08-26 17:14
2,2025-08-22 02:42,2025-08-26 11:26,2025-08-26 09:54
2,2025-08-22 02:42,2025-08-26 09:47,2025-08-26 07:34
2,2025-08-22 02:42,2025-08-26 01:57,2025-08-26 04:37
2,2025-08-22 02:42,2025-08-25 04:07,2025-08-24 18:53
2,2025-08-25 01:41,2025-08-29 11:44,2025-08-28 19:44
2,2025-08-25 01:41,2025-08-28 11:46,2025-08-28 12:54
2,2025-08-25 01:41,2025-08-26 12:48,2025-08-26 06:55
2,2025-08-25 01:41,2025-08-26 10:51,2025-08-26 21:51
2,2025-08-25 01:41,2025-08-26 01:28,2025-08-26 11:42
2,2025-08-25 03:46,2025-08-27 11:02,2025-08-27 14:09
2,2025-08-25 03:46,2025-08-26 10:43,2025-08-26 13:34
2,2025-08-25 03:46,2025-08-26 01:06,2025-08-26 07:11
2,2025-08-25 07:08,2025-08-27 12:09,2025-08-27 19:44
2,2025-08-25 07:08,2025-08-27 09:40,2025-08-27 12:14
2,2025-08-25 07:08,2025-08-26 11:46,2025-08-26 02:34
2,2025-08-26 02:49,2025-08-28 12:07,2025-08-28 11:54
2,2025-08-26 02:49,2025-08-28 09:19,2025-08-28 02:03
2,2025-08-26 02:49,2025-08-27 04:28,2025-08-27 07:38
2,2025-08-26 02:49,2025-08-27 02:14,2025-08-26 20:50
2,2025-08-26 04:13,2025-08-28 12:48,2025-08-28 13:06
2,2025-08-26 04:13,2025-08-28 02:38,2025-08-27 23:09
2,2025-08-26 04:13,2025-08-27 10:18,2025-08-27 03:25
2,2025-08-26 04:14,2025-08-27 11:47,2025-08-27 23:39
2,2025-08-26 08:52,2025-08-27 02:38,2025-08-27 00:18
2,2025-08-27 00:00,2025-08-28 00:00,2025-08-28 00:00
2,2025-08-27 02:38,2025-09-02 10:22,2025-09-01 07:46
2,2025-08-27 02:38,2025-08-29 11:50,2025-08-29 05:20
2,2025-08-27 02:38,2025-08-29 11:03,2025-08-29 17:59
2,2025-08-27 02:38,2025-08-29 10:05,2025-08-28 20:53
2,2025-08-27 02:38,2025-08-29 02:33,2025-08-29 02:31
2,2025-08-27 02:38,2025-08-29 01:05,2025-08-28 20:21
2,2025-08-27 02:38,2025-08-28 11:58,2025-08-28 16:46
2,2025-08-27 02:38,2025-08-28 10:57,2025-08-28 04:09
2,2025-08-27 04:30,2025-09-03 02:40,2025-09-02 13:17
2,2025-08-27 04:30,2025-08-29 12:05,2025-08-30 04:03
2,2025-08-27 04:30,2025-08-28 03:21,2025-08-28 03:23
2,2025-08-28 06:10,2025-09-03 10:58,2025-09-03 05:45
2,2025-08-28 06:10,2025-09-02 09:11,2025-09-02 03:46
2,2025-08-28 06:10,2025-09-02 04:32,2025-09-01 23:19
2,2025-08-28 06:10,2025-09-02 03:05,2025-09-02 00:29
2,2025-08-28 06:10,2025-08-29 12:29,2025-08-29 04:33
2,2025-08-28 06:10,2025-08-29 10:09,2025-08-29 18:25
2,2025-08-29 02:22,2025-09-02 11:59,2025-09-02 09:56
2,2025-08-29 02:22,2025-09-02 10:22,2025-09-02 17:40
2,2025-08-29 02:25,2025-09-03 12:52,2025-09-04 10:52
2,2025-08-29 02:25,2025-09-03 11:04,2025-09-02 15:34
2,2025-08-29 02:25,2025-09-02 11:07,2025-09-01 16:04
2,2025-08-29 02:26,2025-09-03 12:48,2025-09-03 17:53
2,2025-08-29 02:26,2025-09-02 10:05,2025-09-01 23:39
2,2025-08-29 02:26,2025-09-02 09:43,2025-09-02 20:08
2,2025-08-29 07:56,2025-09-03 10:19,2025-09-03 19:24
2,2025-08-29 07:58,2025-09-02 11:45,2025-09-02 20:06
2,2025-08-30 00:00,2025-09-07 00:00,2025-09-07 00:00
2,2025-09-02 12:44,2025-09-03 02:06,2025-09-03 01:07
2,2025-09-02 12:45,2025-09-03 11:53,2025-09-03 17:09
2,2025-09-02 12:45,2025-09-03 10:02,2025-09-03 06:32
2,2025-09-02 12:45,2025-09-03 01:40,2025-09-03 06:00
2,2025-09-03 00:00,2025-09-04 00:00,2025-09-04 00:00
2,2025-09-09 00:00,2025-09-11 00:00,2025-09-11 00:00
2,2025-09-13 00:00,2025-09-19 00:00,2025-09-19 00:00
2,2025-09-13 00:00,2025-09-17 00:00,2025-09-17 00:00
2,2025-09-23 15:00,2025-09-27 17:51,2025-09-27 04:45
2,2025-09-29 10:46,2025-09-30 21:27,2025-10-01 09:20
2,2025-10-04 09:06,2025-10-09 02:38,2025-10-05 17:33
2,2025-10-05 07:45,2025-10-09 07:18,2025-10-08 13:07
2,2025-10-11 15:18,2025-10-13 10:52,2025-10-14 01:24
2,2025-10-15 10:24,2025-10-16 00:52,2025-10-16 00:20
2,2025-10-18 16:16,2025-10-22 20:41,2025-10-21 20:52
2,2025-10-21 12:47,2025-10-23 20:20,2025-10-25 18:23
2,2025-10-25 10:10,2025-10-27 13:35,2025-10-27 18:19
4,2025-07-07 00:00,2025-07-07 00:00,2025-07-08 00:00
4,2025-07-07 00:00,2025-07-10 00:00,2025-07-10 00:00
4,2025-07-14 00:00,2025-07-15 00:00,2025-07-15 00:00
4,2025-07-15 00:00,2025-07-15 00:00,2025-07-16 00:00
4,2025-07-15 00:00,2025-07-17 00:00,2025-07-17 00:00
4,2025-07-18 00:00,2025-07-20 00:00,2025-07-20 00:00
4,2025-07-20 00:00,2025-07-21 00:00,2025-07-21 00:00
4,2025-07-22 00:00,2025-07-26 00:00,2025-07-26 00:00
4,2025-07-23 00:00,2025-07-28 00:00,2025-07-28 00:00
4,2025-07-25 00:00,2025-07-28 00:00,2025-07-28 00:00
4,2025-08-01 00:00,2025-08-02 00:00,2025-08-02 00:00
4,2025-08-05 00:00,2025-08-07 00:00,2025-08-08 00:00
4,2025-08-06 00:00,2025-08-11 00:00,2025-08-11 00:00
4,2025-08-07 00:00,2025-08-07 00:00,2025-08-08 00:00
4,2025-08-08 00:00,2025-08-11 00:00,2025-08-11 00:00
4,2025-08-12 00:00,2025-08-14 00:00,2025-08-15 00:00
4,2025-08-12 00:00,2025-08-13 00:00,2025-08-13 00:00
4,2025-08-15 13:03,2025-08-26 12:25,2025-08-27 04:05
4,2025-08-19 00:00,2025-08-22 00:00,2025-08-22 00:00
4,2025-08-19 10:02,2025-08-25 07:14,2025-08-26 03:57
4,2025-08-20 14:06,2025-08-25 13:28,2025-08-26 03:23
4,2025-08-20 14:06,2025-08-25 11:06,2025-08-26 01:05
4,2025-08-20 14:06,2025-08-22 13:44,2025-08-23 11:46
4,2025-08-20 14:06,2025-08-22 13:25,2025-08-23 16:55
4,2025-08-20 14:06,2025-08-22 12:51,2025-08-23 06:49
4,2025-08-20 14:06,2025-08-22 12:07,2025-08-23 05:59
4,2025-08-20 14:07,2025-08-22 11:34,2025-08-23 08:59
4,2025-08-20 14:46,2025-08-22 12:30,2025-08-22 22:03
4,2025-08-20 14:46,2025-08-22 11:59,2025-08-23 12:15
4,2025-08-20 14:50,2025-08-25 13:58,2025-08-25 16:06
4,2025-08-20 14:50,2025-08-22 13:36,2025-08-23 16:03
4,2025-08-20 15:10,2025-08-25 10:14,2025-08-26 10:17
4,2025-08-20 15:10,2025-08-22 11:53,2025-08-23 07:30
4,2025-08-20 15:10,2025-08-22 11:34,2025-08-23 19:15
4,2025-08-20 15:10,2025-08-22 11:02,2025-08-22 17:10
4,2025-08-20 15:13,2025-08-22 12:43,2025-08-23 08:46
4,2025-08-20 15:13,2025-08-22 12:19,2025-08-22 23:11
4,2025-08-20 17:15,2025-08-25 12:37,2025-08-25 18:06
4,2025-08-20 17:15,2025-08-22 13:20,2025-08-23 09:28
4,2025-08-20 17:15,2025-08-22 11:19,2025-08-22 10:05
4,2025-08-20 17:17,2025-08-22 11:24,2025-08-22 17:33
4,2025-08-21 10:29,2025-08-25 12:22,2025-08-26 06:50
4,2025-08-21 10:29,2025-08-25 11:08,2025-08-26 04:12
4,2025-08-21 10:29,2025-08-25 10:36,2025-08-26 10:09
4,2025-08-21 10:29,2025-08-25 10:05,2025-08-26 03:15
4,2025-08-21 10:29,2025-08-25 09:52,2025-08-26 09:13
4,2025-08-21 10:29,2025-08-25 08:47,2025-08-26 07:39
4,2025-08-21 10:29,2025-08-22 13:57,2025-08-23 09:13
4,2025-08-21 10:29,2025-08-22 12:54,2025-08-24 01:01
4,2025-08-21 10:29,2025-08-22 12:51,2025-08-23 21:29
4,2025-08-21 10:30,2025-08-25 10:58,2025-08-26 09:03
4,2025-08-21 13:35,2025-08-26 12:26,2025-08-27 11:10
4,2025-08-21 13:35,2025-08-26 11:27,2025-08-27 05:43
4,2025-08-21 13:35,2025-08-25 12:30,2025-08-26 04:05
4,2025-08-21 13:35,2025-08-25 11:56,2025-08-26 04:56
4,2025-08-21 13:35,2025-08-25 11:21,2025-08-26 01:26
4,2025-08-21 13:35,2025-08-25 11:01,2025-08-25 22:17
4,2025-08-21 13:35,2025-08-25 10:53,2025-08-25 15:31
4,2025-08-21 13:35,2025-08-25 10:01,2025-08-26 14:19
4,2025-08-21 13:35,2025-08-22 11:44,2025-08-23 20:02
4,2025-08-21 13:38,2025-08-25 12:39,2025-08-25 21:15
4,2025-08-21 15:48,2025-08-25 16:05,2025-08-26 00:18
4,2025-08-21 15:48,2025-08-25 11:48,2025-08-26 13:44
4,2025-08-21 15:48,2025-08-25 10:53,2025-08-26 14:37
4,2025-08-21 15:48,2025-08-25 07:36,2025-08-25 17:02
4,2025-08-21 15:52,2025-08-25 09:59,2025-08-25 22:48
4,2025-08-22 00:00,2025-08-24 00:00,2025-08-24 00:00
4,2025-08-22 11:05,2025-08-26 12:53,2025-08-27 12:23
4,2025-08-22 11:05,2025-08-26 10:13,2025-08-26 15:21
4,2025-08-22 11:06,2025-08-26 13:22,2025-08-27 02:11
4,2025-08-22 11:06,2025-08-26 12:55,2025-08-27 01:47
4,2025-08-22 11:06,2025-08-26 09:42,2025-08-27 02:53
4,2025-08-22 11:06,2025-08-25 11:05,2025-08-26 01:55
4,2025-08-22 11:06,2025-08-25 09:19,2025-08-25 15:31
4,2025-08-22 13:46,2025-08-26 10:49,2025-08-26 23:43
4,2025-08-22 14:01,2025-08-27 05:50,2025-08-28 10:06
4,2025-08-22 14:02,2025-08-27 10:40,2025-08-27 21:31
4,2025-08-22 14:10,2025-08-26 13:15,2025-08-27 06:23
4,2025-08-22 14:22,2025-08-26 13:37,2025-08-26 17:26
4,2025-08-22 14:23,2025-08-25 12:48,2025-08-25 11:35
4,2025-08-22 14:24,2025-08-25 11:25,2025-08-25 18:53
4,2025-08-22 15:24,2025-08-27 11:34,2025-08-28 04:10
4,2025-08-22 15:24,2025-08-26 15:33,2025-08-27 07:22
4,2025-08-22 15:24,2025-08-26 11:42,2025-08-27 01:56
4,2025-08-22 15:28,2025-08-26 14:37,2025-08-26 21:22
4,2025-08-22 15:28,2025-08-26 12:08,2025-08-26 20:57
4,2025-08-22 15:28,2025-08-26 07:51,2025-08-27 10:14
4,2025-08-22 15:28,2025-08-25 12:56,2025-08-25 11:00
4,2025-08-22 15:28,2025-08-25 09:56,2025-08-26 14:09
4,2025-08-25 00:00,2025-08-29 00:00,2025-08-29 00:00
4,2025-08-25 00:00,2025-08-28 00:00,2025-08-29 00:00
4,2025-08-25 09:03,2025-08-29 06:41,2025-08-29 14:10
4,2025-08-25 09:03,2025-08-27 12:42,2025-08-27 15:30
4,2025-08-25 09:03,2025-08-27 10:38,2025-08-28 10:20
4,2025-08-25 09:03,2025-08-27 10:22,2025-08-27 23:27
4,2025-08-25 09:03,2025-08-27 10:17,2025-08-28 14:48
4,2025-08-25 09:03,2025-08-27 09:09,2025-08-28 08:13
4,2025-08-25 09:03,2025-08-26 14:12,2025-08-27 13:29
4,2025-08-25 09:03,2025-08-26 13:51,2025-08-27 00:31
4,2025-08-25 09:03,2025-08-26 09:18,2025-08-27 09:46
4,2025-08-25 10:27,2025-08-28 14:53,2025-08-29 02:15
4,2025-08-25 10:27,2025-08-28 08:45,2025-08-29 07:19
4,2025-08-25 10:27,2025-08-27 12:40,2025-08-27 18:25
4,2025-08-25 10:27,2025-08-27 10:47,2025-08-28 02:39
4,2025-08-25 10:27,2025-08-27 09:47,2025-08-27 23:19
4,2025-08-25 10:27,2025-08-27 07:12,2025-08-27 17:38
4,2025-08-25 10:27,2025-08-26 16:58,2025-08-27 05:17
4,2025-08-25 10:30,2025-08-26 10:39,2025-08-26 18:49
4,2025-08-25 15:16,2025-08-27 15:10,2025-08-28 07:18
4,2025-08-25 15:16,2025-08-27 12:55,2025-08-28 07:37
4,2025-08-25 15:16,2025-08-27 11:52,2025-08-28 14:55
4,2025-08-25 15:16,2025-08-27 11:12,2025-08-27 20:14
4,2025-08-25 15:18,2025-08-28 11:48,2025-08-29 03:12
4,2025-08-25 15:18,2025-08-27 14:09,2025-08-27 18:33
4,2025-08-25 15:18,2025-08-27 11:51,2025-08-27 09:24
4,2025-08-25 15:18,2025-08-27 10:47,2025-08-27 23:47
4,2025-08-25 15:18,2025-08-27 10:46,2025-08-28 05:27
4,2025-08-25 15:18,2025-08-26 11:17,2025-08-27 08:59
4,2025-08-26 08:07,2025-09-02 11:38,2025-09-03 02:24
4,2025-08-26 11:02,2025-09-02 11:21,2025-09-03 07:44
4,2025-08-26 11:02,2025-08-28 13:08,2025-08-29 04:16
4,2025-08-26 11:02,2025-08-28 12:53,2025-08-28 20:21
4,2025-08-26 11:02,2025-08-28 12:29,2025-08-28 17:54
4,2025-08-26 11:02,2025-08-28 11:05,2025-08-29 09:52
4,2025-08-26 11:02,2025-08-28 10:50,2025-08-29 00:08
4,2025-08-26 11:02,2025-08-27 13:15,2025-08-28 05:50
4,2025-08-26 11:02,2025-08-27 12:43,2025-08-28 14:06
4,2025-08-26 11:02,2025-08-27 11:46,2025-08-28 04:32
4,2025-08-26 11:02,2025-08-27 10:57,2025-08-28 05:36
4,2025-08-26 11:11,2025-08-28 08:44,2025-08-28 22:55
4,2025-08-26 11:11,2025-08-27 10:46,2025-08-27 22:00
4,2025-08-26 14:46,2025-08-28 12:50,2025-08-28 17:44
4,2025-08-26 14:46,2025-08-28 12:23,2025-08-28 21:39
4,2025-08-26 14:46,2025-08-28 12:10,2025-08-29 10:54
4,2025-08-26 14:46,2025-08-28 09:53,2025-08-29 08:47
4,2025-08-26 14:46,2025-08-28 08:54,2025-08-28 22:43
4,2025-08-26 14:51,2025-08-28 11:21,2025-08-29 17:43
4,2025-08-26 14:55,2025-08-28 14:50,2025-08-29 03:46
4,2025-08-26 14:55,2025-08-28 13:36,2025-08-29 14:10
4,2025-08-26 14:55,2025-08-28 10:51,2025-08-29 04:30
4,2025-08-26 14:55,2025-08-27 11:41,2025-08-28 10:44
4,2025-08-26 14:55,2025-08-27 10:31,2025-08-28 02:57
4,2025-08-26 14:58,2025-08-29 14:55,2025-08-30 01:43
4,2025-08-26 14:58,2025-08-29 09:40,2025-08-30 03:55
4,2025-08-26 14:58,2025-08-28 14:21,2025-08-29 10:22
4,2025-08-26 14:58,2025-08-28 13:44,2025-08-29 02:13
4,2025-08-26 14:58,2025-08-28 12:20,2025-08-29 11:59
4,2025-08-26 14:58,2025-08-28 11:38,2025-08-28 13:11
4,2025-08-26 14:58,2025-08-27 10:51,2025-08-27 22:42
4,2025-08-26 15:12,2025-08-28 13:21,2025-08-29 10:01
4,2025-08-26 15:12,2025-08-28 13:11,2025-08-29 04:04
4,2025-08-26 15:12,2025-08-27 15:49,2025-08-28 18:04
4,2025-08-26 15:12,2025-08-27 14:11,2025-08-27 22:54
4,2025-08-26 15:12,2025-08-27 08:51,2025-08-27 23:17
4,2025-08-26 15:15,2025-08-28 12:31,2025-08-29 15:16
4,2025-08-26 15:15,2025-08-28 11:27,2025-08-29 06:47
4,2025-08-26 15:15,2025-08-27 13:38,2025-08-28 02:49
4,2025-08-26 16:38,2025-08-29 12:35,2025-08-29 11:29
4,2025-08-26 16:38,2025-08-28 14:49,2025-08-29 10:07
4,2025-08-26 16:38,2025-08-28 12:08,2025-08-29 01:30
4,2025-08-26 16:38,2025-08-28 11:38,2025-08-29 02:51
4,2025-08-26 16:38,2025-08-28 09:37,2025-08-28 16:13
4,2025-08-26 16:39,2025-08-28 12:31,2025-08-30 00:36
4,2025-08-26 16:39,2025-08-28 10:33,2025-08-29 02:49
4,2025-08-27 10:39,2025-08-29 13:45,2025-08-30 05:45
4,2025-08-27 10:39,2025-08-29 12:40,2025-08-30 04:07
4,2025-08-27 10:39,2025-08-29 12:04,2025-08-30 05:53
4,2025-08-27 10:39,2025-08-29 11:53,2025-08-30 12:00
4,2025-08-27 10:39,2025-08-29 09:18,2025-08-30 06:40
4,2025-08-27 10:39,2025-08-28 13:28,2025-08-28 15:40
4,2025-08-27 10:45,2025-09-03 13:20,2025-09-04 00:34
4,2025-08-27 14:51,2025-08-29 15:50,2025-08-29 10:46
4,2025-08-27 14:51,2025-08-29 13:53,2025-08-30 01:10
4,2025-08-27 14:51,2025-08-29 12:20,2025-08-30 00:06
4,2025-08-27 14:51,2025-08-29 12:11,2025-08-29 21:49
4,2025-08-27 14:51,2025-08-29 10:11,2025-08-30 08:28
4,2025-08-27 14:51,2025-08-29 10:05,2025-08-30 00:52
4,2025-08-27 14:51,2025-08-29 08:48,2025-08-29 11:26
4,2025-08-27 14:51,2025-08-28 13:48,2025-08-28 18:40
4,2025-08-27 14:55,2025-08-29 12:26,2025-08-29 18:08
4,2025-08-27 14:55,2025-08-29 12:23,2025-08-30 12:21
4,2025-08-27 14:55,2025-08-29 11:59,2025-08-29 22:28
4,2025-08-27 14:55,2025-08-29 11:38,2025-08-29 12:28
4,2025-08-27 14:55,2025-08-29 10:23,2025-08-30 02:19
4,2025-08-27 14:55,2025-08-28 12:44,2025-08-29 03:03
4,2025-08-27 15:10,2025-09-02 12:24,2025-09-02 17:16
4,2025-08-27 15:10,2025-08-28 11:07,2025-08-29 02:11
4,2025-08-27 15:13,2025-08-29 14:10,2025-08-30 05:26
4,2025-08-27 15:13,2025-08-29 11:28,2025-08-29 23:44
4,2025-08-27 15:13,2025-08-29 09:29,2025-08-30 06:15
4,2025-08-27 15:13,2025-08-29 08:59,2025-08-29 19:20
4,2025-08-27 15:59,2025-08-29 10:13,2025-08-30 07:50
4,2025-08-27 16:20,2025-08-29 13:28,2025-08-30 09:25
4,2025-08-27 16:20,2025-08-29 11:53,2025-08-30 19:24
4,2025-08-27 16:20,2025-08-29 10:22,2025-08-29 19:35
4,2025-08-27 16:20,2025-08-29 08:56,2025-08-29 17:13
4,2025-08-27 16:20,2025-08-29 08:48,2025-08-30 03:49
4,2025-08-27 16:20,2025-08-28 11:07,2025-08-29 00:53
4,2025-08-27 16:21,2025-09-02 13:32,2025-09-02 16:27
4,2025-08-27 16:21,2025-08-29 14:10,2025-08-30 01:40
4,2025-08-28 08:04,2025-08-29 10:06,2025-08-29 17:13
4,2025-08-28 10:56,2025-09-02 15:23,2025-09-02 22:55
4,2025-08-28 10:56,2025-09-02 13:27,2025-09-03 14:47
4,2025-08-28 10:56,2025-09-02 12:39,2025-09-02 20:07
4,2025-08-28 10:56,2025-09-02 09:41,2025-09-02 23:41
4,2025-08-28 10:56,2025-09-02 09:34,2025-09-03 03:59
4,2025-08-28 10:56,2025-09-02 08:52,2025-09-02 14:51
4,2025-08-28 10:56,2025-08-29 10:30,2025-08-30 07:29
4,2025-08-28 11:00,2025-09-02 10:27,2025-09-02 22:23
4,2025-08-28 11:00,2025-09-02 08:41,2025-09-03 04:44
4,2025-08-28 11:00,2025-08-29 09:56,2025-08-30 00:57
4,2025-08-28 12:47,2025-09-03 13:42,2025-09-04 03:45
4,2025-08-28 12:47,2025-09-02 13:46,2025-09-02 08:59
4,2025-08-28 12:47,2025-09-02 11:52,2025-09-02 16:13
4,2025-08-28 12:47,2025-09-02 11:45,2025-09-03 03:47
4,2025-08-28 12:47,2025-09-02 10:17,2025-09-02 13:50
4,2025-08-28 12:47,2025-09-02 09:20,2025-09-03 06:16
4,2025-08-28 12:47,2025-09-02 09:07,2025-09-03 18:56
4,2025-08-28 12:47,2025-09-02 08:42,2025-09-03 05:21
4,2025-08-28 12:47,2025-09-02 07:10,2025-09-02 21:50
4,2025-08-28 12:47,2025-08-29 10:47,2025-08-30 06:58
4,2025-08-28 14:30,2025-09-02 13:10,2025-09-03 03:07
4,2025-08-28 14:30,2025-09-02 11:39,2025-09-02 22:14
4,2025-08-28 14:30,2025-09-02 10:32,2025-09-02 08:06
4,2025-08-28 14:30,2025-08-29 11:41,2025-08-30 19:20
4,2025-08-28 14:30,2025-08-29 11:21,2025-08-29 20:20
4,2025-08-28 14:30,2025-08-29 11:06,2025-08-29 10:15
4,2025-08-28 14:37,2025-09-03 14:57,2025-09-03 19:34
4,2025-08-28 14:37,2025-09-02 15:04,2025-09-03 00:47
4,2025-08-28 14:37,2025-09-02 11:53,2025-09-02 21:55
4,2025-08-28 14:37,2025-09-02 11:16,2025-09-02 22:28
4,2025-08-28 14:37,2025-08-29 11:18,2025-08-29 23:14
4,2025-08-28 15:42,2025-09-02 12:56,2025-09-02 10:21
4,2025-08-28 15:42,2025-09-02 12:19,2025-09-02 16:00
4,2025-08-28 15:42,2025-09-02 10:40,2025-09-03 06:52
4,2025-08-28 15:45,2025-09-02 14:57,2025-09-03 10:37
4,2025-08-28 15:45,2025-09-02 13:43,2025-09-03 01:45
4,2025-08-28 15:45,2025-09-02 11:47,2025-09-03 07:17
4,2025-08-28 15:45,2025-09-02 11:28,2025-09-03 06:43
4,2025-08-29 07:51,2025-09-04 10:32,2025-09-04 19:02
4,2025-08-29 10:53,2025-09-03 18:39,2025-09-04 08:04
4,2025-08-29 10:53,2025-09-03 09:49,2025-09-03 22:48
4,2025-08-29 10:53,2025-09-03 09:22,2025-09-04 08:15
4,2025-08-29 10:53,2025-09-03 08:48,2025-09-03 12:53
4,2025-08-29 10:53,2025-09-03 07:54,2025-09-04 01:18
4,2025-08-29 10:53,2025-09-02 16:33,2025-09-03 16:25
4,2025-08-29 10:53,2025-09-02 13:13,2025-09-02 14:44
4,2025-08-29 10:53,2025-09-02 13:03,2025-09-03 13:56
4,2025-08-29 10:53,2025-09-02 11:46,2025-09-02 18:50
4,2025-08-29 10:53,2025-09-02 10:36,2025-09-03 00:28
4,2025-08-29 10:54,2025-09-03 11:31,2025-09-03 13:58
4,2025-08-29 14:12,2025-09-03 14:15,2025-09-04 10:51
4,2025-08-29 14:12,2025-09-03 13:05,2025-09-03 22:42
4,2025-08-29 14:12,2025-09-03 12:13,2025-09-03 21:15
4,2025-08-29 14:12,2025-09-03 08:54,2025-09-03 20:05
4,2025-08-29 14:12,2025-09-02 11:29,2025-09-02 21:47
4,2025-08-29 14:12,2025-09-02 10:30,2025-09-03 02:18
4,2025-08-29 14:42,2025-09-03 14:36,2025-09-04 04:04
4,2025-08-29 14:42,2025-09-03 13:16,2025-09-04 01:34
4,2025-08-29 14:42,2025-09-03 09:31,2025-09-03 21:37
4,2025-08-29 14:42,2025-09-02 14:24,2025-09-02 17:21
4,2025-08-29 14:42,2025-09-02 11:46,2025-09-02 21:03
4,2025-08-29 14:42,2025-09-02 10:53,2025-09-03 01:21
4,2025-08-29 14:42,2025-09-02 10:15,2025-09-03 02:48
4,2025-08-29 14:46,2025-09-04 09:40,2025-09-05 01:08
4,2025-08-29 14:46,2025-09-03 13:30,2025-09-03 23:25
4,2025-08-29 16:02,2025-09-04 11:16,2025-09-05 02:52
4,2025-08-29 16:02,2025-09-03 12:48,2025-09-04 10:53
4,2025-08-29 16:02,2025-09-03 12:10,2025-09-03 23:37
4,2025-08-29 16:02,2025-09-02 11:45,2025-09-02 21:47
4,2025-08-29 16:03,2025-09-03 11:18,2025-09-03 17:41
4,2025-08-29 18:14,2025-09-02 11:27,2025-09-02 17:19
4,2025-09-02 13:08,2025-09-03 11:59,2025-09-03 22:21
4,2025-09-02 13:08,2025-09-03 11:06,2025-09-03 20:37
4,2025-09-02 13:16,2025-09-03 11:50,2025-09-04 04:20
4,2025-09-02 13:16,2025-09-03 11:19,2025-09-04 06:11
4,2025-09-02 16:16,2025-09-03 10:38,2025-09-04 05:47
4,2025-09-04 00:00,2025-09-06 00:00,2025-09-06 00:00
4,2025-09-04 00:00,2025-09-06 00:00,2025-09-06 00:00
4,2025-09-06 00:00,2025-09-08 00:00,2025-09-09 00:00
4,2025-09-09 00:00,2025-09-10 00:00,2025-09-10 00:00
4,2025-09-10 00:00,2025-09-12 00:00,2025-09-12 00:00
4,2025-09-12 00:00,2025-09-13 00:00,2025-09-13 00:00
4,2025-09-12 00:00,2025-09-19 00:00,2025-09-19 00:00
4,2025-09-17 00:00,2025-09-18 00:00,2025-09-18 00:00
4,2025-09-17 00:00,2025-09-19 00:00,2025-09-19 00:00
4,2025-09-25 09:18,2025-09-26 00:00,2025-09-28 08:13
4,2025-10-07 10:07,2025-10-11 02:03,2025-10-08 10:04
4,2025-10-08 12:15,2025-10-10 16:49,2025-10-14 01:21
4,2025-10-20 15:26,2025-10-21 17:38,2025-10-23 05:13
4,2025-10-23 08:27,2025-10-27 01:02,2025-10-23 22:18
4,2025-10-26 13:10,2025-10-29 13:53,2025-10-27 01:07
5,2025-07-11 00:00,2025-07-14 00:00,2025-07-14 00:00
5,2025-07-11 00:00,2025-07-13 00:00,2025-07-14 00:00
5,2025-07-11 00:00,2025-07-12 00:00,2025-07-13 00:00
5,2025-07-13 00:00,2025-07-16 00:00,2025-07-16 00:00
5,2025-07-20 00:00,2025-07-22 00:00,2025-07-22 00:00
5,2025-07-21 00:00,2025-07-22 00:00,2025-07-22 00:00
5,2025-07-21 00:00,2025-07-24 00:00,2025-07-24 00:00
5,2025-07-23 00:00,2025-07-27 00:00,2025-07-27 00:00
5,2025-07-24 00:00,2025-07-28 00:00,2025-07-28 00:00
5,2025-07-30 00:00,2025-07-31 00:00,2025-07-31 00:00
5,2025-07-31 00:00,2025-08-02 00:00,2025-08-03 00:00
5,2025-08-03 00:00,2025-08-03 00:00,2025-08-04 00:00
5,2025-08-04 00:00,2025-08-04 00:00,2025-08-05 00:00
5,2025-08-04 16:11,2025-08-27 13:10,2025-08-27 13:54
5,2025-08-07 00:00,2025-08-11 00:00,2025-08-11 00:00
5,2025-08-08 08:28,2025-08-25 08:37,2025-08-25 01:18
5,2025-08-10 00:00,2025-08-11 00:00,2025-08-11 00:00
5,2025-08-11 00:00,2025-08-11 00:00,2025-08-12 00:00
5,2025-08-11 00:00,2025-08-12 00:00,2025-08-12 00:00
5,2025-08-12 00:00,2025-08-13 00:00,2025-08-13 00:00
5,2025-08-12 00:00,2025-08-20 00:00,2025-08-20 00:00
5,2025-08-13 00:00,2025-08-16 00:00,2025-08-17 00:00
5,2025-08-19 14:14,2025-08-25 05:40,2025-08-27 01:25
5,2025-08-19 14:44,2025-08-22 13:28,2025-08-23 02:57
5,2025-08-19 16:21,2025-08-22 10:50,2025-08-22 15:41
5,2025-08-20 16:14,2025-08-25 10:35,2025-08-25 12:04
5,2025-08-20 18:05,2025-08-22 13:21,2025-08-22 17:43
5,2025-08-20 18:11,2025-08-22 10:28,2025-08-21 18:44
5,2025-08-20 18:12,2025-08-22 15:50,2025-08-22 16:09
5,2025-08-21 13:12,2025-08-27 09:28,2025-08-27 16:10
5,2025-08-21 13:32,2025-08-22 11:03,2025-08-22 17:41
5,2025-08-21 13:33,2025-08-22 23:50,2025-08-22 23:50
5,2025-08-21 13:36,2025-08-25 11:25,2025-08-26 13:54
5,2025-08-21 13:38,2025-08-27 14:30,2025-08-27 05:35
5,2025-08-21 13:39,2025-08-22 15:18,2025-08-22 04:22
5,2025-08-21 13:40,2025-08-22 14:41,2025-08-22 14:18
5,2025-08-21 13:47,2025-08-25 10:49,2025-08-25 11:59
5,2025-08-21 13:49,2025-08-25 11:32,2025-08-26 03:05
5,2025-08-21 13:54,2025-08-22 11:47,2025-08-22 21:37
5,2025-08-21 17:28,2025-08-22 23:50,2025-08-22 07:36
5,2025-08-21 17:34,2025-08-25 11:32,2025-08-25 12:17
5,2025-08-21 17:59,2025-08-26 13:27,2025-08-26 08:56
5,2025-08-21 18:00,2025-08-25 12:07,2025-08-25 05:53
5,2025-08-21 18:02,2025-08-25 13:19,2025-08-26 01:04
5,2025-08-21 19:28,2025-08-25 11:12,2025-08-25 09:09
5,2025-08-22 14:31,2025-08-25 18:32,2025-08-25 18:20
5,2025-08-22 14:39,2025-08-25 14:34,2025-08-25 21:34
5,2025-08-22 14:44,2025-08-25 10:43,2025-08-25 08:25
5,2025-08-22 14:46,2025-08-25 10:10,2025-08-25 00:11
5,2025-08-22 14:55,2025-08-26 12:54,2025-08-26 18:42
5,2025-08-22 14:59,2025-08-26 15:33,2025-08-26 17:15
5,2025-08-22 15:45,2025-08-25 10:43,2025-08-26 01:01
5,2025-08-22 15:48,2025-08-25 09:51,2025-08-25 02:56
5,2025-08-22 15:51,2025-08-25 13:16,2025-08-25 18:55
5,2025-08-25 14:42,2025-08-27 15:45,2025-08-28 03:13
5,2025-08-25 14:44,2025-08-26 23:38,2025-08-27 00:25
5,2025-08-25 14:45,2025-08-26 23:40,2025-08-26 22:19
5,2025-08-25 14:49,2025-08-27 23:50,2025-08-27 22:33
5,2025-08-25 14:49,2025-08-26 23:40,2025-08-27 01:10
5,2025-08-25 14:50,2025-08-27 09:41,2025-08-27 04:43
5,2025-08-25 14:53,2025-08-27 23:50,2025-08-27 13:27
5,2025-08-25 14:56,2025-08-26 15:18,2025-08-26 16:42
5,2025-08-25 16:34,2025-08-29 08:46,2025-08-28 23:15
5,2025-08-25 16:39,2025-08-26 23:40,2025-08-26 13:31
5,2025-08-25 16:40,2025-08-26 11:04,2025-08-26 21:25
5,2025-08-26 13:11,2025-08-28 11:47,2025-08-28 04:28
5,2025-08-26 13:15,2025-08-27 11:32,2025-08-28 09:12
5,2025-08-26 13:19,2025-08-28 10:22,2025-08-27 23:30
5,2025-08-26 13:52,2025-08-27 10:58,2025-08-27 06:30
5,2025-08-26 13:57,2025-08-29 12:45,2025-08-29 23:22
5,2025-08-26 13:59,2025-08-28 11:04,2025-08-27 23:47
5,2025-08-26 16:32,2025-08-28 09:53,2025-08-27 22:00
5,2025-08-26 16:38,2025-08-28 12:10,2025-08-28 18:35
5,2025-08-26 16:42,2025-08-27 11:19,2025-08-27 13:36
5,2025-08-26 16:44,2025-08-27 13:08,2025-08-27 16:23
5,2025-08-26 16:56,2025-08-27 23:20,2025-08-27 15:32
5,2025-08-26 17:03,2025-08-27 13:43,2025-08-27 12:13
5,2025-08-26 17:07,2025-08-27 23:20,2025-08-27 23:20
5,2025-08-27 00:00,2025-08-30 00:00,2025-08-30 00:00
5,2025-08-27 13:45,2025-08-28 11:49,2025-08-28 05:43
5,2025-08-27 13:52,2025-08-29 13:56,2025-08-30 06:55
5,2025-08-27 13:56,2025-08-29 12:48,2025-08-29 17:46
5,2025-08-27 13:58,2025-08-28 12:30,2025-08-29 00:06
5,2025-08-27 14:08,2025-08-28 23:50,2025-08-29 05:07
5,2025-08-27 14:14,2025-08-29 09:27,2025-08-28 18:26
5,2025-08-27 15:19,2025-08-29 13:05,2025-08-29 19:04
5,2025-08-27 15:49,2025-08-29 11:50,2025-08-29 00:54
5,2025-08-27 15:53,2025-08-28 09:52,2025-08-28 07:49
5,2025-08-27 15:55,2025-08-29 01:20,2025-08-29 11:20
5,2025-08-27 15:58,2025-08-28 13:34,2025-08-28 09:07
5,2025-08-27 16:06,2025-08-29 15:22,2025-08-30 03:07
5,2025-08-28 00:00,2025-08-29 00:00,2025-08-29 00:00
5,2025-08-28 09:15,2025-09-02 13:23,2025-09-01 22:43
5,2025-08-28 09:15,2025-09-02 12:34,2025-09-02 21:57
5,2025-08-28 09:15,2025-09-02 12:05,2025-09-01 17:59
5,2025-08-28 09:15,2025-09-02 10:55,2025-09-01 18:56
5,2025-08-28 09:15,2025-09-02 09:41,2025-09-02 16:45
5,2025-08-28 09:15,2025-09-02 09:38,2025-09-02 05:24
5,2025-08-28 12:10,2025-09-02 13:46,2025-09-02 13:44
5,2025-08-28 12:11,2025-09-02 11:04,2025-09-02 13:38
5,2025-08-28 12:12,2025-09-02 11:32,2025-09-02 17:47
5,2025-08-28 14:51,2025-08-29 14:10,2025-08-29 14:45
5,2025-08-28 14:55,2025-08-29 11:18,2025-08-29 10:21
5,2025-08-28 16:07,2025-09-02 08:49,2025-09-02 12:10
5,2025-08-28 17:52,2025-09-02 12:07,2025-09-02 09:42
5,2025-08-28 18:05,2025-09-03 11:50,2025-09-03 07:38
5,2025-08-28 19:11,2025-09-03 10:08,2025-09-03 14:54
5,2025-08-29 00:00,2025-09-01 00:00,2025-09-01 00:00
5,2025-08-29 00:00,2025-09-02 00:00,2025-09-02 00:00
5,2025-08-29 00:00,2025-08-30 00:00,2025-08-30 00:00
5,2025-08-29 15:34,2025-09-02 10:32,2025-09-03 04:12
5,2025-08-29 15:36,2025-09-02 14:10,2025-09-02 17:13
5,2025-08-29 16:10,2025-09-02 12:21,2025-09-02 06:28
5,2025-08-29 16:15,2025-09-02 11:48,2025-09-02 09:17
5,2025-08-29 16:17,2025-09-02 10:27,2025-09-02 18:54
5,2025-08-29 16:17,2025-09-02 09:59,2025-09-01 22:14
5,2025-08-29 16:17,2025-09-02 09:57,2025-09-01 16:05
5,2025-08-29 16:28,2025-09-02 11:05,2025-09-02 05:14
5,2025-08-29 16:45,2025-09-03 11:21,2025-09-03 23:18
5,2025-08-29 17:46,2025-09-03 09:52,2025-09-03 10:01
5,2025-08-29 17:59,2025-09-02 12:32,2025-09-02 08:41
5,2025-08-29 18:04,2025-09-02 08:38,2025-09-02 00:16
5,2025-08-29 18:11,2025-09-02 13:15,2025-09-03 03:22
5,2025-08-29 18:40,2025-09-03 12:33,2025-09-03 20:58
5,2025-08-29 18:44,2025-09-03 10:47,2025-09-03 15:30
5,2025-08-29 18:47,2025-09-03 11:30,2025-09-03 04:28
5,2025-08-31 00:00,2025-09-02 00:00,2025-09-02 00:00
5,2025-09-01 00:00,2025-09-03 00:00,2025-09-04 00:00
5,2025-09-02 13:59,2025-09-03 13:05,2025-09-03 22:26
5,2025-09-02 14:11,2025-09-03 14:06,2025-09-03 22:37
5,2025-09-02 18:31,2025-09-03 23:40,2025-09-04 01:29
5,2025-09-02 18:49,2025-09-03 13:27,2025-09-04 01:39
5,2025-09-07 00:00,2025-09-08 00:00,2025-09-08 00:00
5,2025-09-13 00:00,2025-09-14 00:00,2025-09-14 00:00
5,2025-09-17 00:00,2025-09-17 00:00,2025-09-18 00:00
5,2025-09-22 15:24,2025-09-28 01:24,2025-09-26 00:06
5,2025-09-24 14:08,2025-09-25 05:30,2025-09-30 14:20
5,2025-10-11 10:55,2025-10-12 05:39,2025-10-13 16:50
5,2025-10-26 10:01,2025-10-27 08:10,2025-10-26 21:49
9,2025-07-04 00:00,2025-07-10 00:00,2025-07-10 00:00
9,2025-07-10 00:00,2025-07-13 00:00,2025-07-13 00:00
9,2025-07-12 00:00,2025-07-15 00:00,2025-07-15 00:00
9,2025-07-12 00:00,2025-07-14 00:00,2025-07-14 00:00
9,2025-07-12 00:00,2025-07-13 00:00,2025-07-14 00:00
9,2025-07-17 00:00,2025-07-17 00:00,2025-07-18 00:00
9,2025-07-18 11:27,2025-08-25 15:44,2025-08-25 17:05
9,2025-07-21 00:00,2025-07-23 00:00,2025-07-24 00:00
9,2025-07-22 00:00,2025-07-25 00:00,2025-07-25 00:00
9,2025-07-24 00:00,2025-07-28 00:00,2025-07-28 00:00
9,2025-07-31 00:00,2025-08-01 00:00,2025-08-01 00:00
9,2025-08-02 00:00,2025-08-05 00:00,2025-08-05 00:00
9,2025-08-02 00:00,2025-08-05 00:00,2025-08-06 00:00
9,2025-08-07 00:00,2025-08-14 00:00,2025-08-14 00:00
9,2025-08-12 00:00,2025-08-15 00:00,2025-08-15 00:00
9,2025-08-13 00:00,2025-08-18 00:00,2025-08-18 00:00
9,2025-08-18 12:29,2025-08-26 16:36,2025-08-26 02:47
9,2025-08-18 12:29,2025-08-22 13:31,2025-08-22 08:58
9,2025-08-18 12:29,2025-08-22 13:02,2025-08-21 10:27
9,2025-08-18 13:44,2025-08-22 14:17,2025-08-22 04:28
9,2025-08-18 13:44,2025-08-22 13:59,2025-08-22 06:54
9,2025-08-18 17:03,2025-08-22 15:07,2025-08-21 22:26
9,2025-08-18 17:03,2025-08-22 12:34,2025-08-21 19:00
9,2025-08-19 12:52,2025-08-26 17:04,2025-08-26 00:04
9,2025-08-19 12:52,2025-08-25 16:29,2025-08-25 07:39
9,2025-08-19 12:52,2025-08-25 14:48,2025-08-24 21:28
9,2025-08-19 12:52,2025-08-25 14:20,2025-08-25 11:01
9,2025-08-19 12:52,2025-08-22 11:09,2025-08-21 14:59
9,2025-08-19 13:02,2025-08-22 17:55,2025-08-22 02:07
9,2025-08-19 13:02,2025-08-22 17:03,2025-08-22 09:59
9,2025-08-19 13:02,2025-08-22 16:55,2025-08-22 03:03
9,2025-08-20 12:28,2025-08-26 16:16,2025-08-26 01:47
9,2025-08-20 12:28,2025-08-26 14:03,2025-08-25 22:21
9,2025-08-20 12:28,2025-08-26 11:06,2025-08-26 09:20
9,2025-08-20 12:28,2025-08-25 14:20,2025-08-24 05:11
9,2025-08-20 12:28,2025-08-25 10:56,2025-08-25 05:46
9,2025-08-20 12:28,2025-08-22 12:58,2025-08-21 19:46
9,2025-08-20 12:28,2025-08-22 11:18,2025-08-22 01:22
9,2025-08-20 16:08,2025-08-26 16:38,2025-08-25 21:45
9,2025-08-20 16:08,2025-08-22 12:58,2025-08-21 21:45
9,2025-08-20 16:08,2025-08-22 12:09,2025-08-21 06:39
9,2025-08-21 00:00,2025-08-25 00:00,2025-08-24 00:00
9,2025-08-21 13:07,2025-08-29 10:38,2025-08-28 06:37
9,2025-08-21 13:07,2025-08-28 14:27,2025-08-27 20:06
9,2025-08-21 13:07,2025-08-28 10:52,2025-08-28 08:36
9,2025-08-21 13:07,2025-08-25 12:58,2025-08-25 11:47
9,2025-08-21 13:07,2025-08-25 12:21,2025-08-24 22:08
9,2025-08-21 13:07,2025-08-25 12:15,2025-08-25 01:08
9,2025-08-21 13:07,2025-08-22 12:34,2025-08-22 07:57
9,2025-08-21 13:07,2025-08-22 11:14,2025-08-22 01:07
9,2025-08-21 13:07,2025-08-22 10:30,2025-08-22 03:32
9,2025-08-21 15:30,2025-08-25 09:15,2025-08-25 02:02
9,2025-08-22 00:00,2025-08-25 00:00,2025-08-25 00:00
9,2025-08-22 12:08,2025-08-29 17:45,2025-08-29 06:24
9,2025-08-22 12:08,2025-08-28 17:28,2025-08-28 12:01
9,2025-08-22 12:08,2025-08-28 13:34,2025-08-27 18:18
9,2025-08-22 12:08,2025-08-27 14:30,2025-08-27 06:43
9,2025-08-22 12:08,2025-08-26 14:19,2025-08-26 08:59
9,2025-08-22 12:08,2025-08-26 13:56,2025-08-25 15:48
9,2025-08-22 12:08,2025-08-26 09:16,2025-08-25 23:11
9,2025-08-22 12:08,2025-08-25 13:31,2025-08-24 21:16
9,2025-08-22 14:56,2025-08-28 12:32,2025-08-27 19:15
9,2025-08-22 14:56,2025-08-27 15:46,2025-08-27 10:42
9,2025-08-22 14:56,2025-08-26 15:33,2025-08-25 15:49
9,2025-08-22 14:56,2025-08-26 14:06,2025-08-25 23:10
9,2025-08-22 14:56,2025-08-26 13:50,2025-08-26 08:16
9,2025-08-22 14:56,2025-08-26 10:27,2025-08-25 17:02
9,2025-08-25 12:13,2025-09-02 14:02,2025-09-02 10:59
9,2025-08-25 12:13,2025-08-29 15:49,2025-08-28 13:57
9,2025-08-25 12:13,2025-08-28 11:58,2025-08-28 03:28
9,2025-08-25 12:13,2025-08-27 09:20,2025-08-27 00:47
9,2025-08-25 12:13,2025-08-27 08:24,2025-08-26 14:56
9,2025-08-25 12:13,2025-08-26 13:28,2025-08-26 00:13
9,2025-08-25 12:13,2025-08-26 11:18,2025-08-26 06:56
9,2025-08-25 15:06,2025-08-29 13:26,2025-08-29 04:36
9,2025-08-25 15:06,2025-08-29 12:13,2025-08-28 06:13
9,2025-08-25 15:06,2025-08-29 11:40,2025-08-28 16:00
9,2025-08-25 15:06,2025-08-28 10:58,2025-08-28 09:56
9,2025-08-25 15:06,2025-08-26 11:56,2025-08-26 03:06
9,2025-08-26 00:00,2025-08-27 00:00,2025-08-27 00:00
9,2025-08-26 12:59,2025-09-02 12:23,2025-09-01 22:26
9,2025-08-26 12:59,2025-08-29 09:52,2025-08-28 22:46
9,2025-08-26 12:59,2025-08-28 15:37,2025-08-28 07:51
9,2025-08-26 12:59,2025-08-28 14:31,2025-08-27 16:36
9,2025-08-26 12:59,2025-08-28 13:50,2025-08-28 00:19
9,2025-08-26 12:59,2025-08-28 11:47,2025-08-28 03:01
9,2025-08-26 15:13,2025-08-28 14:24,2025-08-28 06:17
9,2025-08-27 12:57,2025-09-04 10:33,2025-09-03 22:17
9,2025-08-27 12:57,2025-09-02 13:02,2025-09-01 22:11
9,2025-08-27 12:57,2025-08-29 13:26,2025-08-29 05:08
9,2025-08-27 12:57,2025-08-29 09:57,2025-08-28 23:57
9,2025-08-27 13:16,2025-09-03 12:45,2025-09-02 16:11
9,2025-08-27 13:16,2025-09-02 14:56,2025-09-02 01:45
9,2025-08-27 13:16,2025-09-02 14:07,2025-09-01 23:04
9,2025-08-27 13:16,2025-09-02 09:50,2025-09-01 15:54
9,2025-08-27 16:41,2025-09-02 14:34,2025-09-02 10:13
9,2025-08-27 16:41,2025-09-02 11:06,2025-09-02 13:32
9,2025-08-27 16:41,2025-08-29 13:52,2025-08-28 16:19
9,2025-08-27 17:06,2025-09-02 13:06,2025-09-02 04:16
9,2025-08-28 00:00,2025-08-29 00:00,2025-08-29 00:00
9,2025-08-28 12:46,2025-09-03 13:46,2025-09-02 13:33
9,2025-08-28 12:46,2025-09-03 13:22,2025-09-03 02:11
9,2025-08-28 12:46,2025-09-03 12:31,2025-09-03 00:02
9,2025-08-28 12:46,2025-09-03 10:45,2025-09-03 04:32
9,2025-08-28 15:40,2025-09-03 13:01,2025-09-03 12:32
9,2025-08-28 15:40,2025-08-29 09:54,2025-08-29 09:12
9,2025-08-28 17:05,2025-09-03 14:55,2025-09-02 20:12
9,2025-08-28 17:05,2025-09-02 15:02,2025-09-02 06:27
9,2025-08-29 00:00,2025-08-31 00:00,2025-08-31 00:00
9,2025-08-29 00:00,2025-08-30 00:00,2025-08-30 00:00
9,2025-08-29 11:41,2025-09-04 09:17,2025-09-04 08:39
9,2025-08-29 11:41,2025-09-04 09:10,2025-09-03 17:10
9,2025-08-29 11:41,2025-09-03 09:39,2025-09-02 12:56
9,2025-08-29 11:41,2025-09-02 12:44,2025-09-02 02:51
9,2025-08-29 11:41,2025-09-02 11:56,2025-09-01 21:44
9,2025-08-29 11:41,2025-09-02 10:49,2025-09-01 02:47
9,2025-08-29 11:41,2025-09-02 10:36,2025-09-01 23:46
9,2025-08-29 16:58,2025-09-04 10:35,2025-09-03 22:50
9,2025-08-29 16:58,2025-09-03 11:14,2025-09-03 00:41
9,2025-08-29 16:58,2025-09-02 14:08,2025-09-02 00:06
9,2025-08-29 16:58,2025-09-02 11:56,2025-09-01 10:16
9,2025-09-02 11:54,2025-09-03 10:35,2025-09-02 23:54
9,2025-09-02 16:00,2025-09-03 12:38,2025-09-03 04:00
9,2025-09-06 00:00,2025-09-11 00:00,2025-09-11 00:00
9,2025-09-06 00:00,2025-09-06 00:00,2025-09-07 00:00
9,2025-09-08 00:00,2025-09-14 00:00,2025-09-14 00:00
9,2025-09-09 00:00,2025-09-12 00:00,2025-09-12 00:00
9,2025-09-13 00:00,2025-09-14 00:00,2025-09-15 00:00
9,2025-09-14 00:00,2025-09-17 00:00,2025-09-17 00:00
9,2025-09-16 00:00,2025-09-16 00:00,2025-09-17 00:00
9,2025-09-17 00:00,2025-09-19 00:00,2025-09-19 00:00
9,2025-09-18 00:00,2025-09-24 00:00,2025-09-24 00:00
9,2025-10-11 14:29,2025-10-12 11:22,2025-10-15 10:40
11,2025-07-04 00:00,2025-07-04 00:00,2025-07-05 00:00
11,2025-07-08 00:00,2025-07-11 00:00,2025-07-12 00:00
11,2025-07-08 00:00,2025-07-13 00:00,2025-07-13 00:00
11,2025-07-12 00:00,2025-07-14 00:00,2025-07-14 00:00
11,2025-07-13 00:00,2025-07-16 00:00,2025-07-16 00:00
11,2025-07-22 00:00,2025-07-24 00:00,2025-07-24 00:00
11,2025-07-23 00:00,2025-07-26 00:00,2025-07-26 00:00
11,2025-07-24 00:00,2025-07-27 00:00,2025-07-27 00:00
11,2025-07-25 00:00,2025-07-28 00:00,2025-07-28 00:00
11,2025-07-26 00:00,2025-07-27 00:00,2025-07-27 00:00
11,2025-07-27 00:00,2025-07-28 00:00,2025-07-29 00:00
11,2025-07-27 00:00,2025-07-28 00:00,2025-07-28 00:00
11,2025-07-28 00:00,2025-07-29 00:00,2025-07-30 00:00
11,2025-08-02 00:00,2025-08-05 00:00,2025-08-05 00:00
11,2025-08-03 00:00,2025-08-06 00:00,2025-08-06 00:00
11,2025-08-03 00:00,2025-08-04 00:00,2025-08-04 00:00
11,2025-08-04 00:00,2025-08-06 00:00,2025-08-06 00:00
11,2025-08-08 00:00,2025-08-11 00:00,2025-08-11 00:00
11,2025-08-14 00:00,2025-08-15 00:00,2025-08-16 00:00
11,2025-08-14 00:00,2025-08-16 00:00,2025-08-16 00:00
11,2025-08-22 00:00,2025-08-23 00:00,2025-08-23 00:00
11,2025-08-23 00:00,2025-08-29 00:00,2025-08-29 00:00
11,2025-08-26 00:00,2025-08-29 00:00,2025-08-29 00:00
11,2025-08-30 00:00,2025-09-03 00:00,2025-09-03 00:00
11,2025-08-30 00:00,2025-08-31 00:00,2025-08-31 00:00
11,2025-09-03 00:00,2025-09-05 00:00,2025-09-05 00:00
11,2025-09-06 00:00,2025-09-09 00:00,2025-09-09 00:00
11,2025-09-07 00:00,2025-09-08 00:00,2025-09-08 00:00
11,2025-09-07 00:00,2025-09-11 00:00,2025-09-11 00:00
11,2025-09-17 00:00,2025-09-20 00:00,2025-09-21 00:00
11,2025-10-02 07:53,2025-10-02 23:41,2025-10-04 23:07
11,2025-10-07 14:40,2025-10-13 23:22,2025-10-10 14:42
11,2025-10-09 10:06,2025-10-10 00:23,2025-10-11 08:28
11,2025-10-21 08:33,2025-10-22 16:01,2025-10-28 14:46
11,2025-10-25 17:19,2025-10-29 07:04,2025-10-30 14:53
15,2025-07-03 00:00,2025-07-04 00:00,2025-07-04 00:00
15,2025-07-03 00:00,2025-07-06 00:00,2025-07-06 00:00
15,2025-07-06 00:00,2025-07-07 00:00,2025-07-08 00:00
15,2025-07-06 00:00,2025-07-07 00:00,2025-07-07 00:00
15,2025-07-10 00:00,2025-07-13 00:00,2025-07-13 00:00
15,2025-07-10 00:00,2025-07-10 00:00,2025-07-11 00:00
15,2025-07-13 00:00,2025-07-14 00:00,2025-07-14 00:00
15,2025-07-18 00:00,2025-07-20 00:00,2025-07-20 00:00
15,2025-07-19 00:00,2025-07-20 00:00,2025-07-20 00:00
15,2025-07-23 00:00,2025-07-23 00:00,2025-07-24 00:00
15,2025-07-23 00:00,2025-07-24 00:00,2025-07-25 00:00
15,2025-07-29 00:00,2025-08-04 00:00,2025-08-05 00:00
15,2025-07-29 00:00,2025-08-02 00:00,2025-08-02 00:00
15,2025-07-31 00:00,2025-08-01 00:00,2025-08-01 00:00
15,2025-08-03 00:00,2025-08-07 00:00,2025-08-07 00:00
15,2025-08-06 00:00,2025-08-10 00:00,2025-08-10 00:00
15,2025-08-12 00:00,2025-08-13 00:00,2025-08-13 00:00
15,2025-08-13 00:00,2025-08-13 00:00,2025-08-14 00:00
15,2025-08-16 00:00,2025-08-22 00:00,2025-08-22 00:00
15,2025-08-22 00:00,2025-08-22 00:00,2025-08-23 00:00
15,2025-08-26 00:00,2025-08-26 00:00,2025-08-27 00:00
15,2025-08-31 00:00,2025-09-03 00:00,2025-09-03 00:00
15,2025-09-03 00:00,2025-09-04 00:00,2025-09-04 00:00
15,2025-09-03 00:00,2025-09-04 00:00,2025-09-04 00:00
15,2025-09-06 00:00,2025-09-12 00:00,2025-09-12 00:00
15,2025-09-07 00:00,2025-09-10 00:00,2025-09-10 00:00
15,2025-09-08 00:00,2025-09-09 00:00,2025-09-09 00:00
15,2025-09-10 00:00,2025-09-12 00:00,2025-09-12 00:00
15,2025-09-10 00:00,2025-09-11 00:00,2025-09-11 00:00
15,2025-09-12 00:00,2025-09-12 00:00,2025-09-13 00:00
15,2025-09-15 08:44,2025-09-17 22:52,2025-09-18 14:07
15,2025-09-20 12:18,2025-09-22 11:33,2025-09-23 22:19
15,2025-09-21 16:05,2025-09-24 23:45,2025-09-27 15:01
15,2025-09-27 17:14,2025-10-03 18:55,2025-10-04 03:03
15,2025-10-06 15:10,2025-10-07 07:39,2025-10-12 12:11
15,2025-10-20 17:46,2025-10-23 10:14,2025-10-22 22:22
16,2025-07-12 00:00,2025-07-13 00:00,2025-07-13 00:00
16,2025-07-12 00:00,2025-07-15 00:00,2025-07-15 00:00
16,2025-07-12 00:00,2025-07-13 00:00,2025-07-13 00:00
16,2025-07-14 00:00,2025-07-18 00:00,2025-07-18 00:00
16,2025-07-16 00:00,2025-07-16 00:00,2025-07-17 00:00
16,2025-07-17 00:00,2025-07-22 00:00,2025-07-22 00:00
16,2025-07-17 00:00,2025-07-18 00:00,2025-07-18 00:00
16,2025-07-18 00:00,2025-07-22 00:00,2025-07-22 00:00
16,2025-07-18 00:00,2025-07-19 00:00,2025-07-19 00:00
16,2025-07-19 00:00,2025-07-23 00:00,2025-07-24 00:00
16,2025-07-19 00:00,2025-07-21 00:00,2025-07-21 00:00
16,2025-07-24 00:00,2025-07-27 00:00,2025-07-27 00:00
16,2025-07-30 00:00,2025-08-04 00:00,2025-08-04 00:00
16,2025-07-31 00:00,2025-08-01 00:00,2025-08-01 00:00
16,2025-08-01 00:00,2025-08-04 00:00,2025-08-04 00:00
16,2025-08-02 00:00,2025-08-03 00:00,2025-08-03 00:00
16,2025-08-06 00:00,2025-08-07 00:00,2025-08-07 00:00
16,2025-08-20 00:00,2025-08-23 00:00,2025-08-23 00:00
16,2025-08-22 00:00,2025-08-27 00:00,2025-08-27 00:00
16,2025-08-27 00:00,2025-08-29 00:00,2025-08-29 00:00
16,2025-08-27 00:00,2025-08-29 00:00,2025-08-30 00:00
16,2025-08-28 00:00,2025-08-29 00:00,2025-08-29 00:00
16,2025-09-02 00:00,2025-09-04 00:00,2025-09-05 00:00
16,2025-09-03 00:00,2025-09-05 00:00,2025-09-05 00:00
16,2025-09-07 00:00,2025-09-09 00:00,2025-09-09 00:00
16,2025-09-08 00:00,2025-09-15 00:00,2025-09-15 00:00
16,2025-09-08 00:00,2025-09-13 00:00,2025-09-13 00:00
16,2025-09-11 00:00,2025-09-12 00:00,2025-09-13 00:00
16,2025-09-16 00:00,2025-09-18 00:00,2025-09-18 00:00
16,2025-09-17 00:00,2025-09-19 00:00,2025-09-19 00:00
16,2025-09-28 10:07,2025-09-29 04:10,2025-10-02 15:53
17,2025-07-04 00:00,2025-07-08 00:00,2025-07-08 00:00
17,2025-07-05 00:00,2025-07-09 00:00,2025-07-09 00:00
17,2025-07-06 00:00,2025-07-09 00:00,2025-07-10 00:00
17,2025-07-07 00:00,2025-07-07 00:00,2025-07-08 00:00
17,2025-07-13 00:00,2025-07-13 00:00,2025-07-14 00:00
17,2025-07-13 00:00,2025-07-16 00:00,2025-07-16 00:00
17,2025-07-16 00:00,2025-07-21 00:00,2025-07-21 00:00
17,2025-07-17 00:00,2025-07-20 00:00,2025-07-20 00:00
17,2025-07-21 00:00,2025-07-24 00:00,2025-07-24 00:00
17,2025-07-22 00:00,2025-07-26 00:00,2025-07-26 00:00
17,2025-07-23 00:00,2025-07-23 00:00,2025-07-24 00:00
17,2025-08-02 00:00,2025-08-06 00:00,2025-08-07 00:00
17,2025-08-02 00:00,2025-08-06 00:00,2025-08-07 00:00
17,2025-08-03 00:00,2025-08-04 00:00,2025-08-05 00:00
17,2025-08-04 00:00,2025-08-04 00:00,2025-08-05 00:00
17,2025-08-05 00:00,2025-08-08 00:00,2025-08-08 00:00
17,2025-08-14 00:00,2025-08-17 00:00,2025-08-17 00:00
17,2025-08-16 00:00,2025-08-16 00:00,2025-08-17 00:00
17,2025-08-28 00:00,2025-09-01 00:00,2025-09-02 00:00
17,2025-08-29 00:00,2025-08-30 00:00,2025-08-30 00:00
17,2025-09-03 00:00,2025-09-05 00:00,2025-09-05 00:00
17,2025-09-06 00:00,2025-09-10 00:00,2025-09-10 00:00
17,2025-09-06 00:00,2025-09-10 00:00,2025-09-11 00:00
17,2025-09-09 00:00,2025-09-14 00:00,2025-09-14 00:00
17,2025-09-12 00:00,2025-09-18 00:00,2025-09-18 00:00
17,2025-09-14 00:00,2025-09-15 00:00,2025-09-15 00:00
17,2025-09-17 00:00,2025-09-19 00:00,2025-09-19 00:00
17,2025-09-17 00:00,2025-09-20 00:00,2025-09-20 00:00
17,2025-09-17 00:00,2025-09-20 00:00,2025-09-20 00:00
17,2025-09-18 00:00,2025-09-20 00:00,2025-09-20 00:00
17,2025-09-21 13:55,2025-09-23 18:01,2025-09-23 12:23
17,2025-09-27 12:39,2025-09-30 04:21,2025-10-03 07:47
17,2025-10-04 12:01,2025-10-07 12:42,2025-10-08 01:44
17,2025-10-09 14:08,2025-10-17 08:38,2025-10-12 23:06
17,2025-10-17 08:55,2025-10-18 05:12,2025-10-19 19:52
17,2025-10-19 16:01,2025-10-21 03:44,2025-10-25 00:33
17,2025-10-20 12:13,2025-10-21 09:10,2025-10-23 06:59
18,2025-07-03 00:00,2025-07-07 00:00,2025-07-07 00:00
18,2025-07-11 00:00,2025-07-12 00:00,2025-07-12 00:00
18,2025-07-15 00:00,2025-07-17 00:00,2025-07-17 00:00
18,2025-07-20 00:00,2025-07-21 00:00,2025-07-21 00:00
18,2025-07-25 00:00,2025-07-26 00:00,2025-07-26 00:00
18,2025-07-26 00:00,2025-07-30 00:00,2025-07-30 00:00
18,2025-08-02 00:00,2025-08-04 00:00,2025-08-04 00:00
18,2025-08-05 00:00,2025-08-07 00:00,2025-08-07 00:00
18,2025-08-06 00:00,2025-08-07 00:00,2025-08-07 00:00
18,2025-08-07 00:00,2025-08-08 00:00,2025-08-08 00:00
18,2025-08-08 00:00,2025-08-10 00:00,2025-08-11 00:00
18,2025-08-09 00:00,2025-08-14 00:00,2025-08-14 00:00
18,2025-08-11 00:00,2025-08-11 00:00,2025-08-12 00:00
18,2025-08-12 00:00,2025-08-15 00:00,2025-08-15 00:00
18,2025-08-13 00:00,2025-08-17 00:00,2025-08-17 00:00
18,2025-08-15 00:00,2025-08-15 00:00,2025-08-16 00:00
18,2025-08-19 00:00,2025-08-19 00:00,2025-08-20 00:00
18,2025-08-22 00:00,2025-08-23 00:00,2025-08-24 00:00
18,2025-08-22 00:00,2025-08-23 00:00,2025-08-23 00:00
18,2025-08-24 00:00,2025-08-25 00:00,2025-08-25 00:00
18,2025-08-25 00:00,2025-08-26 00:00,2025-08-27 00:00
18,2025-08-28 00:00,2025-08-30 00:00,2025-08-30 00:00
18,2025-08-31 00:00,2025-08-31 00:00,2025-09-01 00:00
18,2025-09-09 00:00,2025-09-10 00:00,2025-09-10 00:00
18,2025-09-14 00:00,2025-09-17 00:00,2025-09-17 00:00
18,2025-09-15 00:00,2025-09-21 00:00,2025-09-21 00:00
18,2025-09-15 00:00,2025-09-16 00:00,2025-09-16 00:00
18,2025-09-17 00:00,2025-09-18 00:00,2025-09-18 00:00
18,2025-09-18 00:00,2025-09-19 00:00,2025-09-19 00:00
18,2025-09-18 00:00,2025-09-19 00:00,2025-09-19 00:00
18,2025-09-25 10:27,2025-09-26 06:25,2025-10-02 19:55
18,2025-10-04 16:48,2025-10-05 11:33,2025-10-13 12:29
18,2025-10-05 10:08,2025-10-06 04:31,2025-10-11 23:53
18,2025-10-07 17:55,2025-10-09 17:02,2025-10-11 15:18
18,2025-10-24 12:06,2025-10-26 16:33,2025-10-26 22:48
19,2025-07-03 00:00,2025-07-04 00:00,2025-07-05 00:00
19,2025-07-04 00:00,2025-07-06 00:00,2025-07-07 00:00
19,2025-07-04 00:00,2025-07-07 00:00,2025-07-07 00:00
19,2025-07-05 00:00,2025-07-08 00:00,2025-07-09 00:00
19,2025-07-09 00:00,2025-07-14 00:00,2025-07-14 00:00
19,2025-07-10 00:00,2025-07-11 00:00,2025-07-11 00:00
19,2025-07-13 00:00,2025-07-15 00:00,2025-07-15 00:00
19,2025-07-14 00:00,2025-07-18 00:00,2025-07-18 00:00
19,2025-07-25 00:00,2025-07-26 00:00,2025-07-27 00:00
19,2025-07-25 00:00,2025-07-27 00:00,2025-07-27 00:00
19,2025-07-28 00:00,2025-08-02 00:00,2025-08-02 00:00
19,2025-07-29 00:00,2025-08-01 00:00,2025-08-01 00:00
19,2025-07-29 00:00,2025-07-30 00:00,2025-07-30 00:00
19,2025-07-29 00:00,2025-08-01 00:00,2025-08-01 00:00
19,2025-08-01 00:00,2025-08-03 00:00,2025-08-03 00:00
19,2025-08-04 00:00,2025-08-10 00:00,2025-08-10 00:00
19,2025-08-05 00:00,2025-08-10 00:00,2025-08-11 00:00
19,2025-08-07 00:00,2025-08-09 00:00,2025-08-09 00:00
19,2025-08-07 00:00,2025-08-08 00:00,2025-08-08 00:00
19,2025-08-09 00:00,2025-08-12 00:00,2025-08-12 00:00
19,2025-08-11 00:00,2025-08-12 00:00,2025-08-12 00:00
19,2025-08-11 00:00,2025-08-12 00:00,2025-08-12 00:00
19,2025-08-14 00:00,2025-08-19 00:00,2025-08-19 00:00
19,2025-08-21 00:00,2025-08-21 00:00,2025-08-22 00:00
19,2025-08-26 00:00,2025-08-26 00:00,2025-08-27 00:00
19,2025-08-31 00:00,2025-08-31 00:00,2025-09-01 00:00
19,2025-09-03 00:00,2025-09-04 00:00,2025-09-05 00:00
19,2025-09-07 00:00,2025-09-08 00:00,2025-09-08 00:00
19,2025-09-15 00:00,2025-09-17 00:00,2025-09-18 00:00
19,2025-09-15 00:00,2025-09-17 00:00,2025-09-18 00:00
19,2025-10-09 15:23,2025-10-12 16:26,2025-10-13 09:43
19,2025-10-11 15:51,2025-10-14 04:49,2025-10-15 05:27
23,2025-07-07 00:00,2025-07-09 00:00,2025-07-10 00:00
23,2025-07-08 00:00,2025-07-08 00:00,2025-07-09 00:00
23,2025-07-11 00:00,2025-07-15 00:00,2025-07-15 00:00
23,2025-07-11 00:00,2025-07-11 00:00,2025-07-12 00:00
23,2025-07-12 00:00,2025-07-15 00:00,2025-07-15 00:00
23,2025-07-13 00:00,2025-07-17 00:00,2025-07-17 00:00
23,2025-07-15 00:00,2025-07-23 00:00,2025-07-23 00:00
23,2025-07-23 00:00,2025-07-24 00:00,2025-07-24 00:00
23,2025-07-23 00:00,2025-07-24 00:00,2025-07-24 00:00
23,2025-07-28 00:00,2025-07-29 00:00,2025-07-29 00:00
23,2025-07-29 00:00,2025-08-03 00:00,2025-08-03 00:00
23,2025-08-07 00:00,2025-08-10 00:00,2025-08-10 00:00
23,2025-08-09 00:00,2025-08-13 00:00,2025-08-13 00:00
23,2025-08-10 00:00,2025-08-11 00:00,2025-08-11 00:00
23,2025-08-13 00:00,2025-08-18 00:00,2025-08-18 00:00
23,2025-08-17 00:00,2025-08-17 00:00,2025-08-18 00:00
23,2025-08-18 00:00,2025-08-21 00:00,2025-08-21 00:00
23,2025-08-23 00:00,2025-08-26 00:00,2025-08-26 00:00
23,2025-08-23 00:00,2025-08-24 00:00,2025-08-24 00:00
23,2025-08-25 00:00,2025-08-26 00:00,2025-08-27 00:00
23,2025-08-26 00:00,2025-08-29 00:00,2025-08-29 00:00
23,2025-08-27 00:00,2025-09-01 00:00,2025-09-01 00:00
23,2025-08-27 00:00,2025-08-29 00:00,2025-08-29 00:00
23,2025-09-01 00:00,2025-09-06 00:00,2025-09-06 00:00
23,2025-09-06 00:00,2025-09-07 00:00,2025-09-07 00:00
23,2025-09-11 00:00,2025-09-11 00:00,2025-09-12 00:00
23,2025-09-11 00:00,2025-09-13 00:00,2025-09-13 00:00
23,2025-09-13 00:00,2025-09-17 00:00,2025-09-17 00:00
23,2025-09-13 00:00,2025-09-13 00:00,2025-09-14 00:00
23,2025-09-18 00:00,2025-09-21 00:00,2025-09-21 00:00
23,2025-09-22 11:55,2025-09-27 06:15,2025-09-23 01:44
23,2025-09-23 09:58,2025-09-26 19:03,2025-09-25 12:02
23,2025-09-30 13:46,2025-10-02 21:37,2025-10-03 07:43
23,2025-10-04 17:51,2025-10-07 03:24,2025-10-05 06:58
23,2025-10-10 09:15,2025-10-11 02:35,2025-10-12 13:19
23,2025-10-24 13:13,2025-10-28 23:57,2025-10-25 02:39
23,2025-10-25 11:22,2025-10-27 18:49,2025-10-26 10:27
25,2025-07-06 00:00,2025-07-10 00:00,2025-07-10 00:00
25,2025-07-07 00:00,2025-07-11 00:00,2025-07-11 00:00
25,2025-07-07 00:00,2025-07-08 00:00,2025-07-09 00:00
25,2025-07-08 00:00,2025-07-10 00:00,2025-07-10 00:00
25,2025-07-10 00:00,2025-07-13 00:00,2025-07-13 00:00
25,2025-07-10 00:00,2025-07-12 00:00,2025-07-12 00:00
25,2025-07-11 00:00,2025-07-12 00:00,2025-07-12 00:00
25,2025-07-15 00:00,2025-07-15 00:00,2025-07-16 00:00
25,2025-07-16 00:00,2025-07-20 00:00,2025-07-20 00:00
25,2025-07-18 00:00,2025-07-19 00:00,2025-07-20 00:00
25,2025-07-20 00:00,2025-07-22 00:00,2025-07-22 00:00
25,2025-07-21 00:00,2025-07-22 00:00,2025-07-22 00:00
25,2025-07-21 00:00,2025-07-24 00:00,2025-07-25 00:00
25,2025-07-23 00:00,2025-07-27 00:00,2025-07-27 00:00
25,2025-07-29 00:00,2025-07-30 00:00,2025-07-30 00:00
25,2025-08-02 00:00,2025-08-03 00:00,2025-08-04 00:00
25,2025-08-10 00:00,2025-08-11 00:00,2025-08-11 00:00
25,2025-08-13 00:00,2025-08-16 00:00,2025-08-16 00:00
25,2025-08-15 00:00,2025-08-21 00:00,2025-08-21 00:00
25,2025-08-17 00:00,2025-08-18 00:00,2025-08-19 00:00
25,2025-08-20 00:00,2025-08-22 00:00,2025-08-23 00:00
25,2025-08-28 00:00,2025-08-31 00:00,2025-09-01 00:00
25,2025-08-28 00:00,2025-08-28 00:00,2025-08-29 00:00
25,2025-08-30 00:00,2025-09-02 00:00,2025-09-03 00:00
25,2025-09-02 00:00,2025-09-02 00:00,2025-09-03 00:00
25,2025-09-10 00:00,2025-09-11 00:00,2025-09-11 00:00
25,2025-09-11 00:00,2025-09-13 00:00,2025-09-13 00:00
25,2025-09-16 00:00,2025-09-17 00:00,2025-09-17 00:00
25,2025-09-17 00:00,2025-09-25 00:00,2025-09-25 00:00
25,2025-09-18 00:00,2025-09-22 00:00,2025-09-22 00:00
25,2025-10-04 08:44,2025-10-08 19:55,2025-10-05 00:01
25,2025-10-07 17:07,2025-10-12 01:44,2025-10-13 02:13
25,2025-10-08 13:05,2025-10-11 09:11,2025-10-09 03:51
25,2025-10-10 08:48,2025-10-14 12:39,2025-10-16 12:31
25,2025-10-11 17:56,2025-10-12 08:41,2025-10-14 16:48
25,2025-10-15 12:36,2025-10-20 14:59,2025-10-17 02:14
25,2025-10-16 12:27,2025-10-19 13:47,2025-10-20 05:38
25,2025-10-21 12:29,2025-10-23 01:15,2025-10-22 02:34
25,2025-10-23 15:07,2025-10-27 03:19,2025-10-29 15:32
27,2025-07-03 00:00,2025-07-04 00:00,2025-07-04 00:00
27,2025-07-07 00:00,2025-07-14 00:00,2025-07-14 00:00
27,2025-07-08 00:00,2025-07-10 00:00,2025-07-10 00:00
27,2025-07-15 00:00,2025-07-18 00:00,2025-07-18 00:00
27,2025-07-18 00:00,2025-07-23 00:00,2025-07-23 00:00
27,2025-07-22 00:00,2025-07-23 00:00,2025-07-23 00:00
27,2025-07-25 00:00,2025-07-31 00:00,2025-07-31 00:00
27,2025-07-25 00:00,2025-07-30 00:00,2025-07-30 00:00
27,2025-07-27 00:00,2025-07-28 00:00,2025-07-29 00:00
27,2025-07-30 00:00,2025-08-03 00:00,2025-08-03 00:00
27,2025-08-02 00:00,2025-08-03 00:00,2025-08-03 00:00
27,2025-08-14 00:00,2025-08-16 00:00,2025-08-17 00:00
27,2025-08-15 00:00,2025-08-18 00:00,2025-08-18 00:00
27,2025-08-17 00:00,2025-08-18 00:00,2025-08-18 00:00
27,2025-08-21 00:00,2025-08-22 00:00,2025-08-22 00:00
27,2025-08-22 00:00,2025-08-23 00:00,2025-08-23 00:00
27,2025-08-23 00:00,2025-08-24 00:00,2025-08-25 00:00
27,2025-08-23 00:00,2025-08-27 00:00,2025-08-27 00:00
27,2025-08-27 00:00,2025-08-28 00:00,2025-08-28 00:00
27,2025-08-30 00:00,2025-09-05 00:00,2025-09-06 00:00
27,2025-08-30 00:00,2025-09-01 00:00,2025-09-02 00:00
27,2025-09-01 00:00,2025-09-05 00:00,2025-09-06 00:00
27,2025-09-01 00:00,2025-09-05 00:00,2025-09-05 00:00
27,2025-09-02 00:00,2025-09-03 00:00,2025-09-03 00:00
27,2025-09-05 00:00,2025-09-10 00:00,2025-09-10 00:00
27,2025-09-05 00:00,2025-09-07 00:00,2025-09-07 00:00
27,2025-09-08 00:00,2025-09-14 00:00,2025-09-14 00:00
27,2025-09-13 00:00,2025-09-15 00:00,2025-09-16 00:00
27,2025-09-14 00:00,2025-09-18 00:00,2025-09-18 00:00
27,2025-09-14 00:00,2025-09-16 00:00,2025-09-16 00:00
27,2025-10-01 12:18,2025-10-05 05:21,2025-10-04 02:28
27,2025-10-11 13:26,2025-10-17 06:57,2025-10-14 05:27
27,2025-10-14 17:56,2025-10-19 04:09,2025-10-18 01:30
27,2025-10-16 14:59,2025-10-20 23:00,2025-10-21 07:45
27,2025-10-20 09:51,2025-10-21 04:33,2025-10-22 23:50
27,2025-10-23 07:41,2025-10-28 19:20,2025-10-26 14:12
28,2025-07-12 00:00,2025-07-17 00:00,2025-07-17 00:00
28,2025-07-13 00:00,2025-07-16 00:00,2025-07-16 00:00
28,2025-07-13 00:00,2025-07-17 00:00,2025-07-17 00:00
28,2025-07-15 00:00,2025-07-18 00:00,2025-07-18 00:00
28,2025-07-17 00:00,2025-07-20 00:00,2025-07-21 00:00
28,2025-07-19 00:00,2025-07-20 00:00,2025-07-21 00:00
28,2025-07-20 00:00,2025-07-25 00:00,2025-07-25 00:00
28,2025-07-25 00:00,2025-07-25 00:00,2025-07-26 00:00
28,2025-07-27 00:00,2025-07-29 00:00,2025-07-30 00:00
28,2025-07-30 00:00,2025-08-01 00:00,2025-08-01 00:00
28,2025-07-31 00:00,2025-08-05 00:00,2025-08-05 00:00
28,2025-08-01 00:00,2025-08-07 00:00,2025-08-07 00:00
28,2025-08-02 00:00,2025-08-02 00:00,2025-08-03 00:00
28,2025-08-07 00:00,2025-08-13 00:00,2025-08-14 00:00
28,2025-08-09 00:00,2025-08-12 00:00,2025-08-12 00:00
28,2025-08-13 00:00,2025-08-17 00:00,2025-08-18 00:00
28,2025-08-15 00:00,2025-08-16 00:00,2025-08-16 00:00
28,2025-08-17 00:00,2025-08-20 00:00,2025-08-20 00:00
28,2025-08-19 00:00,2025-08-20 00:00,2025-08-20 00:00
28,2025-08-20 00:00,2025-08-21 00:00,2025-08-21 00:00
28,2025-08-22 00:00,2025-08-30 00:00,2025-08-30 00:00
28,2025-08-29 00:00,2025-08-29 00:00,2025-08-30 00:00
28,2025-08-30 00:00,2025-09-07 00:00,2025-09-07 00:00
28,2025-08-30 00:00,2025-09-03 00:00,2025-09-03 00:00
28,2025-09-01 00:00,2025-09-02 00:00,2025-09-02 00:00
28,2025-09-02 00:00,2025-09-07 00:00,2025-09-08 00:00
28,2025-09-04 00:00,2025-09-05 00:00,2025-09-05 00:00
28,2025-09-07 00:00,2025-09-08 00:00,2025-09-09 00:00
28,2025-09-11 00:00,2025-09-13 00:00,2025-09-13 00:00
28,2025-09-13 00:00,2025-09-17 00:00,2025-09-17 00:00
28,2025-09-18 11:59,2025-09-20 12:06,2025-09-21 16:15
28,2025-09-29 07:06,2025-10-03 17:32,2025-10-02 14:50
28,2025-10-04 16:01,2025-10-07 05:22,2025-10-06 08:13
28,2025-10-08 15:11,2025-10-12 07:29,2025-10-10 22:41
28,2025-10-24 07:00,2025-10-25 03:25,2025-10-29 01:48
28,2025-10-26 17:14,2025-10-28 07:22,2025-10-27 06:15
31,2025-07-09 00:00,2025-07-11 00:00,2025-07-11 00:00
31,2025-07-14 00:00,2025-07-15 00:00,2025-07-15 00:00
31,2025-07-15 00:00,2025-07-16 00:00,2025-07-16 00:00
31,2025-07-16 00:00,2025-07-19 00:00,2025-07-19 00:00
31,2025-07-19 00:00,2025-07-20 00:00,2025-07-21 00:00
31,2025-07-22 00:00,2025-07-24 00:00,2025-07-24 00:00
31,2025-07-24 00:00,2025-07-30 00:00,2025-07-30 00:00
31,2025-07-27 00:00,2025-08-02 00:00,2025-08-03 00:00
31,2025-07-28 00:00,2025-07-31 00:00,2025-07-31 00:00
31,2025-07-28 00:00,2025-07-28 00:00,2025-07-29 00:00
31,2025-08-01 00:00,2025-08-03 00:00,2025-08-04 00:00
31,2025-08-02 00:00,2025-08-02 00:00,2025-08-03 00:00
31,2025-08-07 00:00,2025-08-10 00:00,2025-08-10 00:00
31,2025-08-14 00:00,2025-08-15 00:00,2025-08-16 00:00
31,2025-08-17 00:00,2025-08-18 00:00,2025-08-19 00:00
31,2025-08-17 00:00,2025-08-18 00:00,2025-08-19 00:00
31,2025-08-19 00:00,2025-08-22 00:00,2025-08-23 00:00
31,2025-08-21 00:00,2025-08-23 00:00,2025-08-24 00:00
31,2025-08-21 00:00,2025-08-24 00:00,2025-08-24 00:00
31,2025-08-26 00:00,2025-08-30 00:00,2025-08-31 00:00
31,2025-08-27 00:00,2025-08-30 00:00,2025-08-30 00:00
31,2025-08-28 00:00,2025-09-03 00:00,2025-09-04 00:00
31,2025-08-30 00:00,2025-08-31 00:00,2025-08-31 00:00
31,2025-08-30 00:00,2025-08-31 00:00,2025-09-01 00:00
31,2025-09-02 00:00,2025-09-04 00:00,2025-09-04 00:00
31,2025-09-07 00:00,2025-09-12 00:00,2025-09-12 00:00
31,2025-09-12 00:00,2025-09-14 00:00,2025-09-15 00:00
31,2025-09-13 00:00,2025-09-13 00:00,2025-09-14 00:00
31,2025-09-17 00:00,2025-09-17 00:00,2025-09-18 00:00
31,2025-09-17 00:00,2025-09-19 00:00,2025-09-19 00:00
31,2025-10-06 14:30,2025-10-09 17:12,2025-10-12 05:10
31,2025-10-14 11:09,2025-10-15 11:11,2025-10-14 20:14
31,2025-10-15 08:42,2025-10-15 23:08,2025-10-21 19:34
31,2025-10-18 07:36,2025-10-20 22:41,2025-10-22 06:12
31,2025-10-19 11:10,2025-10-21 09:31,2025-10-21 05:17
31,2025-10-21 13:27,2025-10-24 00:42,2025-10-25 12:17
41,2025-07-04 00:00,2025-07-08 00:00,2025-07-08 00:00
41,2025-07-05 00:00,2025-07-09 00:00,2025-07-09 00:00
41,2025-07-05 00:00,2025-07-10 00:00,2025-07-10 00:00
41,2025-07-07 00:00,2025-07-11 00:00,2025-07-11 00:00
41,2025-07-10 00:00,2025-07-14 00:00,2025-07-14 00:00
41,2025-07-13 00:00,2025-07-16 00:00,2025-07-17 00:00
41,2025-07-14 00:00,2025-07-17 00:00,2025-07-17 00:00
41,2025-07-16 00:00,2025-07-24 00:00,2025-07-24 00:00
41,2025-07-19 00:00,2025-07-22 00:00,2025-07-22 00:00
41,2025-07-24 00:00,2025-07-30 00:00,2025-07-30 00:00
41,2025-07-25 00:00,2025-07-25 00:00,2025-07-26 00:00
41,2025-08-06 00:00,2025-08-06 00:00,2025-08-07 00:00
41,2025-08-09 00:00,2025-08-10 00:00,2025-08-10 00:00
41,2025-08-11 00:00,2025-08-11 00:00,2025-08-12 00:00
41,2025-08-12 00:00,2025-08-13 00:00,2025-08-13 00:00
41,2025-08-15 00:00,2025-08-18 00:00,2025-08-18 00:00
41,2025-08-16 00:00,2025-08-17 00:00,2025-08-17 00:00
41,2025-08-16 00:00,2025-08-18 00:00,2025-08-18 00:00
41,2025-08-22 00:00,2025-08-26 00:00,2025-08-26 00:00
41,2025-08-23 00:00,2025-08-23 00:00,2025-08-24 00:00
41,2025-08-24 00:00,2025-08-29 00:00,2025-08-29 00:00
41,2025-08-24 00:00,2025-09-02 00:00,2025-09-02 00:00
41,2025-09-02 00:00,2025-09-03 00:00,2025-09-03 00:00
41,2025-09-04 00:00,2025-09-05 00:00,2025-09-06 00:00
41,2025-09-06 00:00,2025-09-10 00:00,2025-09-10 00:00
41,2025-09-09 00:00,2025-09-13 00:00,2025-09-13 00:00
41,2025-09-11 00:00,2025-09-11 00:00,2025-09-12 00:00
41,2025-09-13 00:00,2025-09-14 00:00,2025-09-14 00:00
41,2025-09-13 00:00,2025-09-14 00:00,2025-09-14 00:00
41,2025-09-17 00:00,2025-09-22 00:00,2025-09-22 00:00
41,2025-10-26 12:18,2025-10-31 11:09,2025-10-26 22:50
47,2025-07-03 00:00,2025-07-04 00:00,2025-07-04 00:00
47,2025-07-05 00:00,2025-07-14 00:00,2025-07-14 00:00
47,2025-07-08 00:00,2025-07-12 00:00,2025-07-12 00:00
47,2025-07-13 00:00,2025-07-14 00:00,2025-07-15 00:00
47,2025-07-17 00:00,2025-07-20 00:00,2025-07-20 00:00
47,2025-07-21 00:00,2025-07-25 00:00,2025-07-25 00:00
47,2025-07-25 00:00,2025-07-29 00:00,2025-07-29 00:00
47,2025-07-25 00:00,2025-07-26 00:00,2025-07-26 00:00
47,2025-07-28 00:00,2025-07-29 00:00,2025-07-29 00:00
47,2025-07-30 00:00,2025-07-31 00:00,2025-07-31 00:00
47,2025-08-05 00:00,2025-08-12 00:00,2025-08-12 00:00
47,2025-08-13 00:00,2025-08-16 00:00,2025-08-16 00:00
47,2025-08-15 00:00,2025-08-17 00:00,2025-08-17 00:00
47,2025-08-15 00:00,2025-08-16 00:00,2025-08-16 00:00
47,2025-08-20 00:00,2025-08-21 00:00,2025-08-21 00:00
47,2025-08-23 00:00,2025-08-25 00:00,2025-08-25 00:00
47,2025-08-25 00:00,2025-08-29 00:00,2025-08-29 00:00
47,2025-08-28 00:00,2025-08-31 00:00,2025-08-31 00:00
47,2025-08-28 00:00,2025-08-29 00:00,2025-08-30 00:00
47,2025-08-31 00:00,2025-09-03 00:00,2025-09-04 00:00
47,2025-09-02 00:00,2025-09-05 00:00,2025-09-05 00:00
47,2025-09-04 00:00,2025-09-06 00:00,2025-09-06 00:00
47,2025-09-04 00:00,2025-09-05 00:00,2025-09-06 00:00
47,2025-09-07 00:00,2025-09-11 00:00,2025-09-11 00:00
47,2025-09-08 00:00,2025-09-11 00:00,2025-09-12 00:00
47,2025-09-08 00:00,2025-09-11 00:00,2025-09-11 00:00
47,2025-09-09 00:00,2025-09-14 00:00,2025-09-14 00:00
47,2025-09-10 00:00,2025-09-13 00:00,2025-09-13 00:00
47,2025-09-13 00:00,2025-09-15 00:00,2025-09-15 00:00
47,2025-09-18 00:00,2025-09-21 00:00,2025-09-21 00:00
47,2025-09-26 17:16,2025-09-27 22:01,2025-10-01 22:47
47,2025-10-06 11:38,2025-10-07 13:48,2025-10-10 04:47
47,2025-10-08 17:35,2025-10-10 14:58,2025-10-09 10:34
47,2025-10-15 12:28,2025-10-16 11:24,2025-10-20 16:48
47,2025-10-24 13:42,2025-10-27 16:29,2025-10-27 00:42
47,2025-10-26 09:47,2025-10-27 04:48,2025-10-31 13:10
48,2025-07-03 00:00,2025-07-04 00:00,2025-07-04 00:00
48,2025-07-07 00:00,2025-07-12 00:00,2025-07-12 00:00
48,2025-07-09 00:00,2025-07-12 00:00,2025-07-12 00:00
48,2025-07-11 00:00,2025-07-14 00:00,2025-07-15 00:00
48,2025-07-18 00:00,2025-07-22 00:00,2025-07-23 00:00
48,2025-07-24 00:00,2025-07-25 00:00,2025-07-25 00:00
48,2025-07-25 00:00,2025-07-28 00:00,2025-07-29 00:00
48,2025-07-26 00:00,2025-07-30 00:00,2025-07-31 00:00
48,2025-07-29 00:00,2025-07-31 00:00,2025-07-31 00:00
48,2025-07-30 00:00,2025-07-30 00:00,2025-07-31 00:00
48,2025-08-06 00:00,2025-08-12 00:00,2025-08-12 00:00
48,2025-08-08 00:00,2025-08-09 00:00,2025-08-09 00:00
48,2025-08-11 00:00,2025-08-13 00:00,2025-08-13 00:00
48,2025-08-15 00:00,2025-08-16 00:00,2025-08-17 00:00
48,2025-08-16 00:00,2025-08-19 00:00,2025-08-19 00:00
48,2025-08-16 00:00,2025-08-21 00:00,2025-08-21 00:00
48,2025-08-17 00:00,2025-08-20 00:00,2025-08-21 00:00
48,2025-08-20 00:00,2025-08-21 00:00,2025-08-21 00:00
48,2025-08-22 00:00,2025-08-25 00:00,2025-08-25 00:00
48,2025-08-23 00:00,2025-08-25 00:00,2025-08-25 00:00
48,2025-08-25 00:00,2025-08-27 00:00,2025-08-27 00:00
48,2025-08-26 00:00,2025-08-29 00:00,2025-08-30 00:00
48,2025-08-28 00:00,2025-09-02 00:00,2025-09-02 00:00
48,2025-08-28 00:00,2025-08-31 00:00,2025-08-31 00:00
48,2025-08-30 00:00,2025-09-03 00:00,2025-09-03 00:00
48,2025-08-30 00:00,2025-09-02 00:00,2025-09-02 00:00
48,2025-09-01 00:00,2025-09-02 00:00,2025-09-02 00:00
48,2025-09-01 00:00,2025-09-02 00:00,2025-09-03 00:00
48,2025-09-06 00:00,2025-09-07 00:00,2025-09-08 00:00
48,2025-09-10 00:00,2025-09-12 00:00,2025-09-12 00:00
48,2025-09-18 09:18,2025-09-22 14:50,2025-09-19 18:31
48,2025-10-02 16:03,2025-10-06 06:18,2025-10-05 02:12
48,2025-10-06 15:18,2025-10-08 21:43,2025-10-07 02:55
48,2025-10-13 14:51,2025-10-18 05:15,2025-10-19 06:56
48,2025-10-15 14:07,2025-10-17 12:08,2025-10-15 23:34
48,2025-10-21 11:46,2025-10-25 06:48,2025-10-23 06:41
48,2025-10-24 15:23,2025-10-27 04:34,2025-10-27 21:13
57,2025-07-03 00:00,2025-07-05 00:00,2025-07-05 00:00
57,2025-07-04 00:00,2025-07-06 00:00,2025-07-06 00:00
57,2025-07-06 00:00,2025-07-10 00:00,2025-07-10 00:00
57,2025-07-08 00:00,2025-07-12 00:00,2025-07-12 00:00
57,2025-07-09 00:00,2025-07-10 00:00,2025-07-10 00:00
57,2025-07-09 00:00,2025-07-13 00:00,2025-07-13 00:00
57,2025-07-11 00:00,2025-07-12 00:00,2025-07-12 00:00
57,2025-07-12 00:00,2025-07-13 00:00,2025-07-13 00:00
57,2025-07-13 00:00,2025-07-13 00:00,2025-07-14 00:00
57,2025-07-20 00:00,2025-07-24 00:00,2025-07-24 00:00
57,2025-07-24 00:00,2025-07-25 00:00,2025-07-25 00:00
57,2025-07-24 00:00,2025-07-26 00:00,2025-07-26 00:00
57,2025-07-27 00:00,2025-07-30 00:00,2025-07-30 00:00
57,2025-07-28 00:00,2025-08-01 00:00,2025-08-01 00:00
57,2025-07-29 00:00,2025-07-30 00:00,2025-07-31 00:00
57,2025-08-03 00:00,2025-08-04 00:00,2025-08-04 00:00
57,2025-08-04 00:00,2025-08-05 00:00,2025-08-05 00:00
57,2025-08-10 00:00,2025-08-14 00:00,2025-08-14 00:00
57,2025-08-13 00:00,2025-08-13 00:00,2025-08-14 00:00
57,2025-08-13 00:00,2025-08-14 00:00,2025-08-14 00:00
57,2025-08-15 00:00,2025-08-18 00:00,2025-08-18 00:00
57,2025-08-20 00:00,2025-08-21 00:00,2025-08-22 00:00
57,2025-08-21 00:00,2025-08-25 00:00,2025-08-25 00:00
57,2025-08-25 00:00,2025-09-02 00:00,2025-09-02 00:00
57,2025-09-01 00:00,2025-09-03 00:00,2025-09-04 00:00
57,2025-09-02 00:00,2025-09-06 00:00,2025-09-06 00:00
57,2025-09-02 00:00,2025-09-03 00:00,2025-09-03 00:00
57,2025-09-09 00:00,2025-09-12 00:00,2025-09-12 00:00
57,2025-09-13 00:00,2025-09-13 00:00,2025-09-14 00:00
57,2025-09-17 00:00,2025-09-18 00:00,2025-09-18 00:00
57,2025-09-24 15:59,2025-09-30 04:35,2025-09-27 08:50
57,2025-10-04 10:04,2025-10-07 17:30,2025-10-07 16:16
57,2025-10-13 17:09,2025-10-15 12:00,2025-10-14 22:29
57,2025-10-20 13:13,2025-10-22 08:11,2025-10-24 22:53
57,2025-10-24 14:29,2025-10-25 11:14,2025-10-26 02:40
57,2025-10-27 16:38,2025-10-30 02:24,2025-10-30 09:46
68,2025-07-03 00:00,2025-07-04 00:00,2025-07-04 00:00
68,2025-07-03 00:00,2025-07-04 00:00,2025-07-05 00:00
68,2025-07-08 00:00,2025-07-09 00:00,2025-07-09 00:00
68,2025-07-08 00:00,2025-07-10 00:00,2025-07-11 00:00
68,2025-07-12 00:00,2025-07-17 00:00,2025-07-17 00:00
68,2025-07-13 00:00,2025-07-13 00:00,2025-07-14 00:00
68,2025-07-14 00:00,2025-07-15 00:00,2025-07-15 00:00
68,2025-07-17 00:00,2025-07-22 00:00,2025-07-22 00:00
68,2025-07-21 00:00,2025-07-28 00:00,2025-07-29 00:00
68,2025-07-21 00:00,2025-07-24 00:00,2025-07-24 00:00
68,2025-07-24 00:00,2025-07-26 00:00,2025-07-27 00:00
68,2025-07-26 00:00,2025-07-26 00:00,2025-07-27 00:00
68,2025-07-28 00:00,2025-07-28 00:00,2025-07-29 00:00
68,2025-08-01 00:00,2025-08-01 00:00,2025-08-02 00:00
68,2025-08-05 00:00,2025-08-09 00:00,2025-08-09 00:00
68,2025-08-08 00:00,2025-08-09 00:00,2025-08-09 00:00
68,2025-08-13 00:00,2025-08-15 00:00,2025-08-15 00:00
68,2025-08-16 00:00,2025-08-20 00:00,2025-08-20 00:00
68,2025-08-17 00:00,2025-08-21 00:00,2025-08-22 00:00
68,2025-08-19 00:00,2025-08-22 00:00,2025-08-22 00:00
68,2025-08-22 00:00,2025-08-22 00:00,2025-08-23 00:00
68,2025-08-22 00:00,2025-08-25 00:00,2025-08-25 00:00
68,2025-08-28 00:00,2025-08-29 00:00,2025-08-29 00:00
68,2025-08-29 00:00,2025-09-03 00:00,2025-09-03 00:00
68,2025-09-03 00:00,2025-09-06 00:00,2025-09-06 00:00
68,2025-09-04 00:00,2025-09-07 00:00,2025-09-07 00:00
68,2025-09-11 00:00,2025-09-14 00:00,2025-09-14 00:00
68,2025-09-16 00:00,2025-09-17 00:00,2025-09-18 00:00
68,2025-09-18 00:00,2025-09-18 00:00,2025-09-19 00:00
68,2025-09-18 00:00,2025-09-22 00:00,2025-09-22 00:00
68,2025-10-05 17:50,2025-10-09 06:07,2025-10-09 21:45
68,2025-10-11 11:30,2025-10-12 22:29,2025-10-13 18:26
68,2025-10-18 11:20,2025-10-21 06:55,2025-10-19 19:33
70,2025-07-04 00:00,2025-07-09 00:00,2025-07-10 00:00
70,2025-07-04 00:00,2025-07-05 00:00,2025-07-06 00:00
70,2025-07-05 00:00,2025-07-06 00:00,2025-07-06 00:00
70,2025-07-08 00:00,2025-07-09 00:00,2025-07-09 00:00
70,2025-07-09 00:00,2025-07-12 00:00,2025-07-13 00:00
70,2025-07-11 00:00,2025-07-12 00:00,2025-07-12 00:00
70,2025-07-12 00:00,2025-07-14 00:00,2025-07-14 00:00
70,2025-07-12 00:00,2025-07-19 00:00,2025-07-19 00:00
70,2025-07-17 00:00,2025-07-20 00:00,2025-07-21 00:00
70,2025-07-18 00:00,2025-07-19 00:00,2025-07-19 00:00
70,2025-07-20 00:00,2025-07-23 00:00,2025-07-24 00:00
70,2025-07-21 00:00,2025-07-26 00:00,2025-07-26 00:00
70,2025-07-24 00:00,2025-07-25 00:00,2025-07-26 00:00
70,2025-07-26 00:00,2025-07-31 00:00,2025-07-31 00:00
70,2025-07-29 00:00,2025-08-02 00:00,2025-08-02 00:00
70,2025-07-30 00:00,2025-07-30 00:00,2025-07-31 00:00
70,2025-08-04 00:00,2025-08-08 00:00,2025-08-08 00:00
70,2025-08-19 00:00,2025-08-21 00:00,2025-08-21 00:00
70,2025-08-19 00:00,2025-08-20 00:00,2025-08-21 00:00
70,2025-08-21 00:00,2025-08-22 00:00,2025-08-22 00:00
70,2025-08-22 00:00,2025-08-24 00:00,2025-08-25 00:00
70,2025-08-24 00:00,2025-08-27 00:00,2025-08-27 00:00
70,2025-08-25 00:00,2025-08-31 00:00,2025-08-31 00:00
70,2025-08-27 00:00,2025-08-29 00:00,2025-08-29 00:00
70,2025-08-27 00:00,2025-08-29 00:00,2025-08-29 00:00
70,2025-08-27 00:00,2025-08-28 00:00,2025-08-28 00:00
70,2025-08-28 00:00,2025-08-31 00:00,2025-08-31 00:00
70,2025-09-01 00:00,2025-09-01 00:00,2025-09-02 00:00
70,2025-09-03 00:00,2025-09-09 00:00,2025-09-09 00:00
70,2025-09-13 00:00,2025-09-15 00:00,2025-09-16 00:00
70,2025-09-17 11:18,2025-09-20 01:53,2025-09-17 22:48
70,2025-09-23 08:42,2025-09-24 03:40,2025-09-26 19:39
70,2025-09-24 16:28,2025-09-28 06:51,2025-09-27 04:23
70,2025-09-27 10:57,2025-09-28 01:51,2025-09-29 18:14
70,2025-09-29 12:43,2025-09-30 18:12,2025-09-30 06:51
70,2025-10-25 11:58,2025-10-28 21:05,2025-10-26 03:03
131,2025-07-03 00:00,2025-07-03 00:00,2025-07-04 00:00
131,2025-07-04 00:00,2025-07-04 00:00,2025-07-05 00:00
131,2025-07-10 00:00,2025-07-16 00:00,2025-07-17 00:00
131,2025-07-14 00:00,2025-07-16 00:00,2025-07-16 00:00
131,2025-07-15 00:00,2025-07-16 00:00,2025-07-16 00:00
131,2025-07-18 00:00,2025-07-20 00:00,2025-07-20 00:00
131,2025-07-20 00:00,2025-07-24 00:00,2025-07-24 00:00
131,2025-07-20 00:00,2025-07-21 00:00,2025-07-21 00:00
131,2025-07-21 00:00,2025-07-22 00:00,2025-07-22 00:00
131,2025-07-21 00:00,2025-07-25 00:00,2025-07-25 00:00
131,2025-07-23 00:00,2025-07-24 00:00,2025-07-25 00:00
131,2025-07-25 00:00,2025-07-27 00:00,2025-07-27 00:00
131,2025-07-26 00:00,2025-07-31 00:00,2025-08-01 00:00
131,2025-08-01 00:00,2025-08-08 00:00,2025-08-08 00:00
131,2025-08-01 00:00,2025-08-07 00:00,2025-08-07 00:00
131,2025-08-03 00:00,2025-08-03 00:00,2025-08-04 00:00
131,2025-08-06 00:00,2025-08-09 00:00,2025-08-09 00:00
131,2025-08-09 00:00,2025-08-11 00:00,2025-08-11 00:00
131,2025-08-11 00:00,2025-08-14 00:00,2025-08-14 00:00
131,2025-08-11 00:00,2025-08-13 00:00,2025-08-13 00:00
131,2025-08-12 00:00,2025-08-17 00:00,2025-08-18 00:00
131,2025-08-12 00:00,2025-08-13 00:00,2025-08-13 00:00
131,2025-08-14 00:00,2025-08-15 00:00,2025-08-15 00:00
131,2025-08-17 00:00,2025-08-20 00:00,2025-08-20 00:00
131,2025-08-27 00:00,2025-08-30 00:00,2025-08-30 00:00
131,2025-08-28 00:00,2025-08-30 00:00,2025-08-30 00:00
131,2025-08-29 00:00,2025-09-01 00:00,2025-09-01 00:00
131,2025-08-30 00:00,2025-09-02 00:00,2025-09-02 00:00
131,2025-08-31 00:00,2025-09-01 00:00,2025-09-01 00:00
131,2025-09-01 00:00,2025-09-01 00:00,2025-09-02 00:00
131,2025-09-03 09:33,2025-09-07 09:06,2025-09-05 02:34
131,2025-09-05 09:02,2025-09-09 02:43,2025-09-05 20:15
131,2025-09-08 17:40,2025-09-12 13:07,2025-09-09 02:42
131,2025-09-17 15:44,2025-09-20 20:30,2025-09-22 04:32
131,2025-09-18 08:37,2025-09-21 05:48,2025-09-20 14:07
131,2025-09-28 09:40,2025-09-30 07:21,2025-10-02 09:32
131,2025-10-12 13:40,2025-10-13 06:27,2025-10-13 11:43
131,2025-10-20 15:51,2025-10-21 09:01,2025-10-22 20:02
131,2025-10-23 08:16,2025-10-23 22:56,2025-10-26 00:12
131,2025-10-25 14:20,2025-10-29 22:43,2025-10-26 02:32
131,2025-10-27 14:17,2025-10-30 03:47,2025-10-29 19:45
139,2025-07-03 00:00,2025-07-04 00:00,2025-07-04 00:00
139,2025-07-08 00:00,2025-07-09 00:00,2025-07-09 00:00
139,2025-07-10 00:00,2025-07-13 00:00,2025-07-13 00:00
139,2025-07-11 00:00,2025-07-17 00:00,2025-07-17 00:00
139,2025-07-11 00:00,2025-07-13 00:00,2025-07-13 00:00
139,2025-07-14 00:00,2025-07-15 00:00,2025-07-15 00:00
139,2025-07-15 00:00,2025-07-19 00:00,2025-07-20 00:00
139,2025-07-17 00:00,2025-07-18 00:00,2025-07-18 00:00
139,2025-07-19 00:00,2025-07-19 00:00,2025-07-20 00:00
139,2025-07-28 00:00,2025-08-01 00:00,2025-08-02 00:00
139,2025-07-31 00:00,2025-08-07 00:00,2025-08-08 00:00
139,2025-07-31 00:00,2025-08-01 00:00,2025-08-01 00:00
139,2025-08-02 00:00,2025-08-03 00:00,2025-08-03 00:00
139,2025-08-03 00:00,2025-08-08 00:00,2025-08-09 00:00
139,2025-08-06 00:00,2025-08-08 00:00,2025-08-09 00:00
139,2025-08-06 00:00,2025-08-08 00:00,2025-08-09 00:00
139,2025-08-11 00:00,2025-08-13 00:00,2025-08-13 00:00
139,2025-08-11 00:00,2025-08-12 00:00,2025-08-12 00:00
139,2025-08-16 00:00,2025-08-18 00:00,2025-08-18 00:00
139,2025-08-18 00:00,2025-08-22 00:00,2025-08-22 00:00
139,2025-08-22 00:00,2025-08-27 00:00,2025-08-27 00:00
139,2025-08-24 00:00,2025-08-27 00:00,2025-08-27 00:00
139,2025-08-24 00:00,2025-08-27 00:00,2025-08-27 00:00
139,2025-08-26 00:00,2025-08-27 00:00,2025-08-28 00:00
139,2025-08-26 00:00,2025-08-27 00:00,2025-08-27 00:00
139,2025-09-04 00:00,2025-09-06 00:00,2025-09-06 00:00
139,2025-09-07 00:00,2025-09-13 00:00,2025-09-13 00:00
139,2025-09-09 00:00,2025-09-10 00:00,2025-09-10 00:00
139,2025-09-12 00:00,2025-09-16 00:00,2025-09-16 00:00
139,2025-09-16 00:00,2025-09-16 00:00,2025-09-17 00:00
139,2025-09-19 17:38,2025-09-22 01:41,2025-09-25 06:19
139,2025-09-23 17:45,2025-09-26 00:25,2025-09-24 21:23
139,2025-09-26 11:14,2025-09-30 05:39,2025-09-26 22:04
139,2025-10-01 17:44,2025-10-05 00:29,2025-10-06 04:39
139,2025-10-05 16:14,2025-10-09 07:11,2025-10-10 07:32
139,2025-10-06 07:16,2025-10-09 23:19,2025-10-10 04:00
139,2025-10-07 13:26,2025-10-12 21:09,2025-10-11 20:03
139,2025-10-09 09:48,2025-10-11 06:24,2025-10-11 09:30
139,2025-10-10 08:33,2025-10-12 10:13,2025-10-16 07:35
139,2025-10-20 15:30,2025-10-25 11:26,2025-10-23 06:18
139,2025-10-26 15:06,2025-10-27 05:37,2025-10-28 01:52
