Quote Date,Carrier,Weight,Quote,Amount
2025-02-14,1,3190,1897.23,2098.68
2025-03-05,1,2270,843.99,870.15
2025-03-07,1,5820,2435.17,2426.72
2025-03-10,1,4190,1583.31,1582.44
2025-03-17,1,9510,3508.06,3557.41
2025-03-20,1,980,325.92,304.94
2025-03-22,1,12330,3699.0,3700.88
2025-03-23,1,3610,1439.33,1573.43
2025-03-24,1,2110,633.0,605.21
2025-04-09,1,3920,734.34,734.34
2025-04-10,1,420,131.68,128.06
2025-04-15,1,3170,1167.94,1182.04
2025-04-19,1,1800,540.0,549.35
2025-04-20,1,5520,1656.0,1766.25
2025-05-12,1,3280,984.0,985.82
2025-05-12,1,1050,606.16,623.84
2025-05-14,1,690,325.41,364.41
2025-05-17,1,4260,1570.49,1651.02
2025-05-20,1,4150,1245.0,1296.94
2025-05-20,1,2170,674.82,638.69
2025-05-30,1,2280,1234.54,1237.24
2025-05-30,1,740,257.49,283.26
2025-06-30,1,5050,1709.27,1687.49
2025-07-07,1,6010,1803.0,1646.86
2025-07-20,1,2640,1302.89,1296.42
2025-08-06,1,1755,354.68,312.25
2025-08-06,1,1320,396.0,405.35
2025-08-06,1,3350,1005.0,994.34
2025-08-08,1,5696,745.17,951.67
2025-08-19,1,2968,553.63,553.06
2025-08-19,1,5764,768.65,870.64
2025-08-19,1,4374,666.64,666.64
2025-08-21,1,248,214.8,182.03
2025-08-24,1,9180,5196.22,5012.52
2025-08-26,1,3180,1311.08,1380.92
2025-09-08,1,5370,1611.0,1675.42
2025-09-11,1,3400,1020.0,1148.95
2025-09-14,1,5618,1212.09,1141.77
2025-09-25,1,4525,1318.27,1377.59
2025-10-03,1,3250,1247.41,1164.77
2025-10-15,1,3253,951.23,876.84
2025-10-27,1,820,313.42,306.83
2025-02-14,2,1290,387.0,417.79
2025-02-14,2,3680,1437.97,1471.91
2025-02-19,2,1250,678.78,637.98
2025-02-20,2,390,123.15,132.82
2025-03-08,2,4910,1473.0,1570.77
2025-03-20,2,850,255.0,271.11
2025-04-03,2,6320,2547.56,2501.31
2025-04-12,2,5330,1599.0,1759.24
2025-04-23,2,11930,3579.0,3608.2
2025-05-17,2,5940,1782.0,1856.81
2025-05-20,2,570,171.0,174.7
2025-05-23,2,4420,1817.27,1928.85
2025-06-07,2,17450,7027.53,7519.4
2025-06-12,2,1530,459.0,490.89
2025-06-12,2,2350,1337.31,1314.34
2025-06-28,2,1480,486.87,490.47
2025-06-30,2,2620,1193.01,1123.1
2025-07-03,2,150,70.83,74.21
2025-07-11,2,1860,558.0,520.15
2025-07-18,2,590,231.23,249.21
2025-07-19,2,4880,1464.0,1603.9
2025-07-20,2,4050,1895.08,2034.22
2025-07-21,2,840,329.77,334.76
2025-07-22,2,4810,1443.0,1447.73
2025-07-22,2,4710,1816.17,1774.09
2025-08-03,2,6720,4079.52,4401.27
2025-08-04,2,5120,1536.0,1586.97
2025-08-14,2,1750,994.41,1032.61
2025-08-30,2,17370,5211.0,5161.21
2025-09-05,2,11480,5424.98,5536.58
2025-09-15,2,3338,1272.61,1327.78
2025-09-16,2,6050,2582.25,2474.83
2025-09-17,2,966,428.52,468.18
2025-09-19,2,998,196.64,204.61
2025-09-22,2,6480,3318.87,3519.56
2025-09-23,2,2821,790.8,819.54
2025-09-28,2,3024,815.93,925.01
2025-10-01,2,8879,4041.45,4008.31
2025-10-08,2,6267,2584.48,2731.65
2025-10-13,2,7375,3038.71,3254.94
2025-10-16,2,5654,2186.1,2078.06
2025-10-17,2,4100,1268.37,1236.21
2025-10-19,2,8589,4348.27,4786.33
2025-02-14,4,1880,602.46,594.84
2025-02-17,4,2420,852.79,837.2
2025-03-01,4,350,105.0,109.54
2025-03-16,4,3860,1388.49,1410.28
2025-04-05,4,17120,5136.0,5099.15
2025-04-12,4,5210,1563.0,1646.28
2025-04-18,4,3570,1828.52,1777.13
2025-04-24,4,300,115.13,126.44
2025-04-29,4,4000,1206.26,1241.56
2025-05-03,4,8590,2577.0,2495.53
2025-05-06,4,1670,501.0,488.76
2025-05-13,4,3770,1407.73,1333.48
2025-05-14,4,290,87.0,84.88
2025-05-18,4,5010,2761.79,2940.64
2025-05-29,4,4330,1299.0,1303.18
2025-06-07,4,1400,529.81,578.37
2025-06-13,4,2790,937.56,948.32
2025-06-25,4,3960,1788.83,1883.88
2025-06-26,4,47020,23783.0,22900.72
2025-06-29,4,3270,981.0,1056.92
2025-07-08,4,6620,2951.78,2909.22
2025-07-12,4,4670,1401.0,1424.26
2025-07-19,4,3330,999.0,977.71
2025-07-21,4,2141,165.5,165.5
2025-07-22,4,1663,328.86,328.33
2025-08-04,4,3388,561.23,560.76
2025-08-04,4,3394,364.76,397.12
2025-08-04,4,6325,513.52,584.45
2025-08-04,4,4004,493.35,802.01
2025-08-04,4,2489,427.18,388.79
2025-08-05,4,1412,308.57,379.56
2025-08-05,4,675,161.2,136.61
2025-08-05,4,9328,749.48,728.99
2025-08-05,4,4625,670.0,738.12
2025-08-05,4,6984,517.46,531.45
2025-08-05,4,993,136.61,307.56
2025-08-05,4,5356,561.91,676.69
2025-08-05,4,17003,1274.32,1374.53
2025-08-05,4,2889,444.51,486.21
2025-08-05,4,370,136.61,136.61
2025-08-05,4,480,267.51,266.94
2025-08-05,4,460,140.94,146.32
2025-08-06,4,2612,385.34,443.01
2025-08-06,4,5209,370.64,425.86
2025-08-06,4,3053,397.66,413.93
2025-08-06,4,3959,493.34,818.59
2025-08-06,4,2705,193.16,282.51
2025-08-06,4,2493,344.58,291.91
2025-08-06,4,2398,312.36,341.93
2025-08-06,4,3775,430.61,444.12
2025-08-06,4,5557,548.29,1025.28
2025-08-06,4,2030,250.11,392.75
2025-08-06,4,2266,187.83,187.5
2025-08-06,4,4279,651.31,551.96
2025-08-06,4,12642,921.37,984.26
2025-08-06,4,4133,282.51,478.3
2025-08-06,4,3794,493.34,493.34
2025-08-06,4,4740,551.98,581.22
2025-08-06,4,3992,441.56,441.55
2025-08-06,4,390,157.42,257.42
2025-08-06,4,6030,595.06,805.86
2025-08-06,4,2044,213.42,238.58
2025-08-06,4,1959,276.27,298.37
2025-08-06,4,488,161.2,136.61
2025-08-06,4,7075,483.74,518.86
2025-08-06,4,3409,524.52,586.99
2025-08-06,4,4800,493.34,517.02
2025-08-06,4,13081,1157.77,1225.65
2025-08-06,4,960,161.2,136.61
2025-08-06,4,2059,292.37,345.41
2025-08-06,4,712,188.78,177.51
2025-08-07,4,200,136.61,136.61
2025-08-07,4,1987,315.56,357.36
2025-08-07,4,150,136.61,136.61
2025-08-07,4,1106,151.15,175.77
2025-08-07,4,458,185.76,157.42
2025-08-07,4,2579,235.47,235.38
2025-08-07,4,2100,389.79,412.78
2025-08-07,4,2806,431.74,480.82
2025-08-07,4,1555,234.26,260.51
2025-08-07,4,4133,597.89,642.89
2025-08-07,4,1163,161.2,143.42
2025-08-07,4,9089,818.59,818.59
2025-08-07,4,13823,771.88,849.45
2025-08-07,4,3682,431.53,431.06
2025-08-07,4,4133,327.92,327.92
2025-08-07,4,4392,625.0,625.0
2025-08-07,4,5134,582.47,620.59
2025-08-07,4,1480,253.72,282.86
2025-08-07,4,2991,389.6,429.85
2025-08-07,4,799,161.2,136.61
2025-08-07,4,1175,136.61,136.61
2025-08-07,4,8532,818.59,818.59
2025-08-07,4,8450,422.53,427.43
2025-08-07,4,1535,242.82,264.64
2025-08-07,4,5628,497.01,542.22
2025-08-07,4,3055,263.71,294.78
2025-08-07,4,3421,385.64,472.24
2025-08-07,4,4781,355.77,355.77
2025-08-07,4,1119,136.61,136.61
2025-08-07,4,6991,518.06,778.48
2025-08-07,4,1035,161.2,136.61
2025-08-07,4,320,161.2,136.61
2025-08-07,4,10812,744.69,869.58
2025-08-07,4,7164,895.49,982.5
2025-08-07,4,2193,337.41,363.12
2025-08-07,4,5420,568.73,877.91
2025-08-07,4,5303,421.29,450.76
2025-08-07,4,11656,1243.93,1315.86
2025-08-07,4,1285,170.69,144.19
2025-08-07,4,1112,161.2,136.61
2025-08-07,4,13497,957.02,1031.95
2025-08-07,4,1547,279.62,307.73
2025-08-08,4,528,136.61,136.61
2025-08-08,4,165,136.61,136.61
2025-08-08,4,165,136.61,136.61
2025-08-08,4,584,136.61,136.61
2025-08-08,4,1320,226.28,376.55
2025-08-08,4,489,185.76,157.42
2025-08-08,4,1083,180.66,203.52
2025-08-08,4,264,136.61,136.61
2025-08-08,4,4200,493.34,493.34
2025-08-08,4,1510,227.32,298.68
2025-08-08,4,349,161.2,136.61
2025-08-08,4,2325,165.97,177.03
2025-08-08,4,2509,217.24,238.97
2025-08-08,4,456,185.76,157.42
2025-08-08,4,788,161.2,151.93
2025-08-08,4,1114,175.44,195.46
2025-08-08,4,3875,344.36,344.36
2025-08-08,4,4965,327.9,388.58
2025-08-08,4,6901,825.21,898.03
2025-08-08,4,9144,493.18,514.13
2025-08-08,4,200,161.2,136.61
2025-08-08,4,9970,688.78,722.17
2025-08-08,4,3327,288.07,287.98
2025-08-08,4,9317,630.96,630.96
2025-08-08,4,5202,375.94,393.11
2025-08-08,4,2000,214.98,239.16
2025-08-11,4,3525,368.05,389.97
2025-08-11,4,925,166.81,276.82
2025-08-11,4,3969,263.04,263.04
2025-08-11,4,6125,676.16,676.16
2025-08-11,4,6166,465.38,570.49
2025-08-11,4,4694,279.01,279.01
2025-08-11,4,6363,721.91,773.2
2025-08-11,4,9602,709.01,734.53
2025-08-11,4,4468,678.51,678.5
2025-08-11,4,5468,490.31,546.86
2025-08-11,4,5128,506.06,836.44
2025-08-11,4,4501,341.81,341.81
2025-08-11,4,498,161.2,177.67
2025-08-11,4,3741,318.43,331.53
2025-08-11,4,4730,441.55,521.02
2025-08-11,4,3935,312.64,328.58
2025-08-11,4,8579,1067.21,1063.11
2025-08-11,4,1038,204.33,196.91
2025-08-11,4,416,161.2,136.08
2025-08-12,4,11261,817.57,888.89
2025-08-12,4,120,316.08,136.08
2025-08-12,4,2538,240.54,285.26
2025-08-12,4,3637,350.75,375.85
2025-08-12,4,14276,1008.29,1067.54
2025-08-12,4,3370,351.87,351.87
2025-08-12,4,1059,150.36,244.58
2025-08-12,4,340,161.2,136.61
2025-08-12,4,5224,371.71,412.34
2025-08-12,4,3675,290.47,307.98
2025-08-12,4,6025,412.16,433.35
2025-08-12,4,4815,361.65,379.74
2025-08-12,4,5258,506.61,506.43
2025-08-12,4,1155,154.09,169.44
2025-08-12,4,9975,709.01,709.01
2025-08-12,4,5274,518.37,549.43
2025-08-12,4,1772,212.03,200.8
2025-08-12,4,1148,196.05,249.32
2025-08-12,4,5120,406.67,405.1
2025-08-12,4,775,195.18,185.93
2025-08-12,4,2159,225.43,479.29
2025-08-12,4,6475,731.79,800.18
2025-08-12,4,4445,610.83,610.83
2025-08-12,4,750,160.57,136.08
2025-08-12,4,988,166.17,166.17
2025-08-12,4,4855,326.64,508.6
2025-08-13,4,3399,441.31,488.53
2025-08-13,4,11520,629.79,716.1
2025-08-13,4,1249,207.55,241.78
2025-08-13,4,1792,259.51,259.51
2025-08-13,4,1147,192.92,221.64
2025-08-13,4,13270,1341.63,1422.01
2025-08-13,4,5133,366.6,401.02
2025-08-13,4,1034,156.82,156.82
2025-08-13,4,2421,160.57,149.93
2025-08-13,4,3313,507.95,532.62
2025-08-13,4,3633,499.27,522.55
2025-08-13,4,2278,511.06,382.37
2025-08-13,4,1546,160.03,159.82
2025-08-13,4,1267,216.19,251.89
2025-08-13,4,245,160.57,186.08
2025-08-13,4,11347,806.23,855.11
2025-08-13,4,4381,325.04,325.02
2025-08-13,4,1287,202.71,225.06
2025-08-13,4,4915,626.08,664.9
2025-08-13,4,3972,487.3,487.3
2025-08-13,4,650,185.05,156.82
2025-08-13,4,3886,565.09,564.69
2025-08-13,4,1500,207.88,227.25
2025-08-13,4,1163,216.26,238.94
2025-08-13,4,2956,383.69,414.56
2025-08-13,4,3380,438.57,459.52
2025-08-13,4,1528,229.0,430.79
2025-08-13,4,1808,314.34,314.33
2025-08-13,4,975,166.17,184.45
2025-08-13,4,191,136.08,136.08
2025-08-13,4,1066,136.08,136.08
2025-08-13,4,2424,314.79,345.8
2025-08-13,4,5976,297.68,317.05
2025-08-13,4,11885,815.46,917.35
2025-08-13,4,1526,240.32,261.26
2025-08-13,4,561,160.57,136.08
2025-08-13,4,1076,136.08,136.08
2025-08-13,4,3730,335.22,350.15
2025-08-13,4,3500,300.31,300.31
2025-08-13,4,3954,281.17,330.39
2025-08-13,4,288,160.57,136.08
2025-08-13,4,890,267.0,266.22
2025-08-14,4,635,160.57,307.03
2025-08-14,4,1058,191.11,211.13
2025-08-14,4,1328,167.02,184.87
2025-08-14,4,5490,482.95,482.95
2025-08-14,4,291,160.57,136.08
2025-08-14,4,1027,136.08,136.08
2025-08-14,4,1758,181.91,181.91
2025-08-14,4,8545,702.32,702.32
2025-08-14,4,480,156.82,156.82
2025-08-14,4,2782,361.43,390.85
2025-08-14,4,140,160.57,136.08
2025-08-14,4,5000,530.06,618.33
2025-08-14,4,10915,633.95,709.5
2025-08-14,4,2013,316.38,352.05
2025-08-14,4,5986,622.05,667.14
2025-08-14,4,459,185.05,156.82
2025-08-14,4,1059,166.45,166.13
2025-08-14,4,7104,802.89,872.89
2025-08-14,4,948,185.72,157.39
2025-08-14,4,5757,509.39,534.87
2025-08-14,4,4374,491.44,491.44
2025-08-14,4,10200,613.41,613.35
2025-08-14,4,4446,354.4,354.4
2025-08-14,4,4906,344.89,381.79
2025-08-14,4,3828,509.33,509.33
2025-08-14,4,4060,534.6,584.6
2025-08-14,4,11061,885.19,943.54
2025-08-14,4,1408,197.89,167.69
2025-08-14,4,8871,582.36,582.36
2025-08-14,4,3737,423.01,439.85
2025-08-14,4,600,185.05,306.82
2025-08-14,4,5086,435.25,457.84
2025-08-14,4,5970,430.14,476.49
2025-08-14,4,910,136.08,136.08
2025-08-14,4,3058,270.72,308.97
2025-08-14,4,185,136.08,136.08
2025-08-14,4,5445,370.88,401.79
2025-08-14,4,9702,541.37,565.46
2025-08-15,4,13692,1455.59,1548.93
2025-08-15,4,4959,325.02,371.65
2025-08-15,4,7034,485.12,580.82
2025-08-15,4,1006,136.08,136.08
2025-08-15,4,2405,312.06,363.32
2025-08-15,4,720,160.57,136.08
2025-08-15,4,1541,231.25,429.49
2025-08-15,4,1826,214.15,226.46
2025-08-15,4,1008,136.08,136.08
2025-08-15,4,998,149.87,191.8
2025-08-15,4,3231,419.49,456.09
2025-08-15,4,1044,193.89,176.27
2025-08-15,4,3563,462.32,491.44
2025-08-15,4,2265,214.75,369.1
2025-08-15,4,1610,241.44,240.99
2025-08-15,4,961,167.91,170.42
2025-08-15,4,132,136.08,136.08
2025-08-15,4,650,160.57,136.08
2025-08-15,4,4435,491.44,491.44
2025-08-15,4,3388,439.62,597.6
2025-08-15,4,2115,230.93,207.26
2025-08-15,4,2149,230.12,260.73
2025-08-15,4,2775,245.67,271.78
2025-08-15,4,16960,1059.57,1109.87
2025-08-15,4,3872,523.59,523.6
2025-08-15,4,4072,411.27,411.27
2025-08-15,4,1984,181.89,201.46
2025-08-15,4,3664,315.06,335.78
2025-08-15,4,3896,277.03,277.05
2025-08-15,4,1500,183.29,202.84
2025-08-15,4,2122,325.24,354.82
2025-08-15,4,15744,1683.05,1841.31
2025-08-15,4,4810,321.3,334.8
2025-08-16,4,7530,2306.13,2333.9
2025-08-18,4,185,136.08,136.08
2025-08-18,4,879,136.08,136.08
2025-08-18,4,381,156.82,156.82
2025-08-18,4,1011,203.73,196.38
2025-08-18,4,6184,481.04,504.44
2025-08-18,4,14437,1346.51,1510.2
2025-08-18,4,3805,407.42,407.42
2025-08-18,4,854,185.28,157.02
2025-08-18,4,5941,397.26,421.26
2025-08-18,4,1752,282.9,382.9
2025-08-18,4,13384,1387.16,1450.9
2025-08-18,4,2780,360.85,410.68
2025-08-18,4,2126,300.72,327.46
2025-08-18,4,3715,353.52,370.81
2025-08-18,4,14488,942.63,942.45
2025-08-18,4,2769,267.03,293.65
2025-08-18,4,960,160.57,136.08
2025-08-18,4,566,185.05,156.82
2025-08-18,4,5548,382.68,403.51
2025-08-18,4,4800,301.14,318.0
2025-08-18,4,4420,346.82,346.82
2025-08-19,4,231,135.66,135.66
2025-08-19,4,3238,335.64,335.64
2025-08-19,4,2878,272.94,390.05
2025-08-19,4,7013,503.67,503.67
2025-08-19,4,4907,417.08,415.79
2025-08-19,4,10270,957.86,1007.9
2025-08-19,4,8997,1085.43,1082.22
2025-08-19,4,4601,438.49,438.49
2025-08-19,4,1500,269.25,303.9
2025-08-19,4,4650,414.84,461.3
2025-08-19,4,4455,353.31,353.31
2025-08-19,4,2031,310.34,337.69
2025-08-19,4,4020,461.88,449.14
2025-08-19,4,231,135.66,135.66
2025-08-19,4,8000,892.06,1080.28
2025-08-19,4,264,136.08,136.08
2025-08-19,4,1296,167.74,179.12
2025-08-19,4,1664,165.07,165.07
2025-08-19,4,2951,242.73,256.31
2025-08-19,4,2825,366.56,404.18
2025-08-19,4,543,156.82,156.82
2025-08-19,4,600,156.82,256.82
2025-08-19,4,5496,483.49,483.49
2025-08-19,4,3659,230.2,230.13
2025-08-19,4,9551,932.68,932.68
2025-08-19,4,610,160.08,135.66
2025-08-19,4,1850,557.37,581.17
2025-08-20,4,3550,459.22,479.25
2025-08-20,4,594,135.66,225.66
2025-08-20,4,1530,228.59,339.56
2025-08-20,4,576,135.66,156.61
2025-08-20,4,2723,328.32,348.45
2025-08-20,4,4620,548.14,572.27
2025-08-20,4,3415,303.18,417.6
2025-08-20,4,900,135.66,135.66
2025-08-20,4,3985,311.6,311.6
2025-08-20,4,9489,401.86,422.81
2025-08-20,4,10790,1003.16,1207.39
2025-08-20,4,897,160.08,135.66
2025-08-20,4,3699,383.54,403.13
2025-08-20,4,5823,464.97,601.1
2025-08-20,4,2253,204.87,193.43
2025-08-20,4,1425,251.23,244.28
2025-08-20,4,4449,450.9,382.12
2025-08-20,4,4516,489.91,489.93
2025-08-20,4,5222,371.8,401.2
2025-08-20,4,600,160.08,135.66
2025-08-20,4,260,160.08,135.66
2025-08-20,4,5453,375.04,388.52
2025-08-20,4,4760,324.02,324.02
2025-08-21,4,330,156.33,156.33
2025-08-21,4,264,156.33,156.33
2025-08-21,4,4236,489.93,489.93
2025-08-21,4,1071,135.66,135.66
2025-08-21,4,390,135.66,156.61
2025-08-21,4,726,135.66,135.66
2025-08-21,4,185,135.66,135.66
2025-08-21,4,10426,596.68,596.57
2025-08-21,4,5920,580.07,580.07
2025-08-21,4,6105,449.28,527.02
2025-08-21,4,3234,364.85,364.62
2025-08-21,4,5590,463.8,611.07
2025-08-21,4,1162,137.97,137.97
2025-08-21,4,10455,999.97,999.97
2025-08-21,4,4702,248.31,258.92
2025-08-21,4,4790,517.98,517.98
2025-08-21,4,132,135.66,135.66
2025-08-21,4,238,160.08,135.66
2025-08-21,4,840,181.48,153.8
2025-08-21,4,840,160.08,135.66
2025-08-21,4,1760,213.5,213.49
2025-08-21,4,4159,520.93,861.62
2025-08-21,4,1193,163.02,160.39
2025-08-21,4,3981,548.14,548.14
2025-08-21,4,4948,426.57,458.56
2025-08-21,4,2972,430.78,430.77
2025-08-21,4,5250,349.98,372.64
2025-08-21,4,3780,426.45,426.44
2025-08-22,4,7000,669.8,804.0
2025-08-22,4,5170,365.31,454.34
2025-08-22,4,738,160.08,135.66
2025-08-22,4,6111,342.9,495.6
2025-08-22,4,608,160.08,240.66
2025-08-22,4,540,160.08,135.66
2025-08-22,4,4688,426.55,723.78
2025-08-22,4,3724,320.21,320.21
2025-08-22,4,16584,1541.98,1708.77
2025-08-22,4,11002,995.18,1077.76
2025-08-22,4,3570,274.29,292.35
2025-08-22,4,1750,266.5,287.45
2025-08-22,4,1500,195.31,213.46
2025-08-22,4,2868,236.07,251.77
2025-08-25,4,1135,135.66,171.97
2025-08-25,4,1758,282.03,693.4
2025-08-25,4,528,156.33,156.33
2025-08-25,4,8033,787.11,812.93
2025-08-25,4,7824,641.57,685.94
2025-08-25,4,1790,201.6,201.6
2025-08-25,4,13401,775.95,936.57
2025-08-25,4,10353,1073.83,1073.83
2025-08-25,4,3423,469.69,532.95
2025-08-25,4,3532,387.66,406.11
2025-08-25,4,3858,330.71,330.64
2025-08-25,4,5554,544.4,570.28
2025-08-25,4,4899,520.93,552.72
2025-08-25,4,5905,412.3,428.97
2025-08-25,4,4190,345.77,345.75
2025-08-25,4,4220,438.49,438.49
2025-08-25,4,728,160.08,147.34
2025-08-26,4,4170,489.93,757.42
2025-08-26,4,2143,232.6,280.44
2025-08-26,4,1203,160.08,171.45
2025-08-26,4,177,160.08,135.66
2025-08-26,4,6253,388.27,422.56
2025-08-26,4,3546,500.17,499.89
2025-08-26,4,13746,1138.02,1138.02
2025-08-26,4,4219,414.84,414.84
2025-08-26,4,7443,815.98,815.86
2025-08-26,4,1526,159.34,171.09
2025-08-26,4,1278,135.66,135.66
2025-08-26,4,6453,438.38,481.98
2025-08-26,4,13973,978.33,1075.78
2025-08-26,4,5419,367.9,414.46
2025-08-26,4,588,135.66,135.66
2025-08-26,4,2000,213.49,213.49
2025-08-26,4,4177,345.07,345.11
2025-08-26,4,8253,457.0,473.53
2025-08-27,4,132,135.56,135.56
2025-08-27,4,264,135.56,135.56
2025-08-27,4,9975,580.11,616.94
2025-08-30,4,5290,1587.0,1654.63
2025-09-02,4,4354,489.53,491.44
2025-09-02,4,1990,775.2,869.58
2025-09-06,4,4030,515.5,530.06
2025-09-08,4,838,88.8,87.88
2025-09-09,4,838,151.19,161.84
2025-09-11,4,838,91.47,101.84
2025-09-13,4,6244,1487.73,1555.3
2025-09-29,4,1041,38.4,40.98
2025-09-30,4,4386,1173.97,1315.72
2025-10-05,4,2989,110.25,112.46
2025-10-07,4,3944,395.3,395.95
2025-10-09,4,4041,267.89,267.37
2025-10-15,4,4201,326.65,346.24
2025-10-27,4,4097,151.11,152.39
2025-02-17,5,110,50.87,53.94
2025-03-08,5,4390,1317.0,1388.5
2025-03-17,5,1040,312.0,318.05
2025-03-18,5,5010,2486.95,2684.38
2025-03-21,5,4050,1215.0,1213.49
2025-03-23,5,3490,1406.41,1464.09
2025-04-03,5,830,298.51,318.37
2025-04-08,5,6080,2847.73,2993.69
2025-04-16,5,1630,489.0,548.87
2025-04-19,5,1900,728.28,792.03
2025-05-06,5,5450,1635.0,1805.19
2025-05-21,5,3250,1111.44,1083.52
2025-05-21,5,8670,2697.09,2838.35
2025-06-08,5,560,168.0,163.86
2025-06-11,5,18200,9717.98,10221.07
2025-06-12,5,2130,791.33,855.13
2025-06-12,5,15950,5264.67,5666.9
2025-06-22,5,4760,1428.0,1560.89
2025-06-26,5,2070,621.0,659.37
2025-06-30,5,3920,1553.38,1445.92
2025-07-22,5,18560,5568.0,5411.08
2025-07-23,5,330,99.0,95.44
2025-07-31,5,2300,1124.4,1020.29
2025-08-16,5,3480,1752.47,1702.0
2025-08-18,5,190,81.28,82.14
2025-08-24,5,5320,1596.0,1690.55
2025-08-28,5,2080,624.0,663.16
2025-09-06,5,3860,1158.0,1153.42
2025-09-12,5,6690,2007.0,1885.01
2025-09-13,5,1260,646.69,651.7
2025-09-22,5,3171,1354.9,1228.71
2025-09-23,5,4541,2078.84,2059.05
2025-09-28,5,2472,628.92,630.88
2025-10-04,5,2615,1166.35,1342.41
2025-10-16,5,2589,1263.4,1330.91
2025-10-20,5,8163,2549.95,2699.39
2025-10-22,5,4460,2675.67,2936.77
2025-02-13,9,350,184.27,190.62
2025-02-15,9,21640,6492.0,6916.77
2025-02-20,9,3760,1128.0,1141.19
2025-03-02,9,3250,1636.73,1614.14
2025-03-07,9,2680,804.0,776.13
2025-03-08,9,43350,25370.63,25088.75
2025-03-14,9,3730,1269.71,1309.42
2025-03-20,9,3030,1441.76,1485.85
2025-03-23,9,1470,595.04,623.47
2025-03-25,9,4720,2454.37,2679.72
2025-03-27,9,8450,3019.74,2975.42
2025-03-30,9,250,82.01,83.5
2025-04-06,9,2080,624.0,636.1
2025-04-14,9,5100,2077.38,2094.8
2025-04-20,9,2670,1189.81,1155.19
2025-04-27,9,2580,894.65,927.6
2025-05-02,9,3410,1406.83,1516.94
2025-05-12,9,10640,3192.0,2856.57
2025-05-12,9,2910,873.0,893.51
2025-05-22,9,3360,1008.0,1064.66
2025-05-27,9,310,93.0,92.14
2025-06-02,9,4050,292.31,292.31
2025-06-06,9,720,216.0,224.53
2025-06-07,9,9780,2934.0,3048.85
2025-06-08,9,3530,1059.0,1063.35
2025-06-12,9,3460,1038.0,1106.73
2025-07-05,9,360,146.32,161.08
2025-07-10,9,4530,2501.77,2491.26
2025-07-23,9,2231,612.77,687.72
2025-07-30,9,1765,259.69,262.93
2025-07-31,9,3477,769.83,864.6
2025-08-01,9,6597,1318.33,1455.82
2025-08-01,9,3443,743.86,795.44
2025-08-01,9,1704,410.42,718.79
2025-08-04,9,2795,609.07,1306.99
2025-08-04,9,1343,508.67,1658.18
2025-08-04,9,2795,559.4,769.32
2025-08-04,9,10838,1840.75,3161.64
2025-08-04,9,2728,731.51,2138.18
2025-08-04,9,2310,494.73,808.28
2025-08-04,9,2731,755.69,917.29
2025-08-04,9,2436,323.71,357.99
2025-08-04,9,5956,1207.26,1401.4
2025-08-04,9,2473,641.17,703.96
2025-08-04,9,3242,1089.74,1171.42
2025-08-05,9,3355,719.48,775.24
2025-08-05,9,1560,253.6,265.66
2025-08-05,9,3730,473.88,524.31
2025-08-05,9,2016,456.8,456.8
2025-08-05,9,6101,904.48,979.95
2025-08-06,9,3328,734.99,816.05
2025-08-06,9,2198,265.17,288.94
2025-08-06,9,526,265.75,225.21
2025-08-06,9,1920,422.54,422.54
2025-08-07,9,1387,639.9,727.52
2025-08-07,9,2155,337.9,386.75
2025-08-07,9,2073,283.91,315.69
2025-08-07,9,1498,576.61,668.29
2025-08-07,9,1752,597.73,605.41
2025-08-07,9,1302,232.9,197.37
2025-08-07,9,2705,802.65,885.08
2025-08-07,9,2089,550.38,603.45
2025-08-07,9,2035,712.68,812.49
2025-08-07,9,2015,554.52,592.62
2025-08-07,9,1074,217.51,261.62
2025-08-07,9,1653,237.4,239.48
2025-08-07,9,2307,278.6,298.29
2025-08-07,9,2012,271.48,298.89
2025-08-07,9,2172,644.32,745.73
2025-08-07,9,3708,527.21,574.41
2025-08-07,9,3586,463.27,516.23
2025-08-07,9,4225,736.25,736.25
2025-08-07,9,2370,644.42,715.99
2025-08-08,9,1566,454.9,484.75
2025-08-08,9,646,197.37,197.37
2025-08-08,9,10215,1233.52,1467.04
2025-08-08,9,4057,508.65,516.2
2025-08-08,9,2086,579.47,626.42
2025-08-08,9,4018,1027.12,1143.47
2025-08-08,9,3695,599.08,661.42
2025-08-08,9,5542,280.0,292.78
2025-08-08,9,530,159.0,158.93
2025-08-08,9,4180,1726.68,1802.44
2025-08-11,9,189,305.2,258.64
2025-08-11,9,2636,579.51,591.69
2025-08-11,9,12352,1659.33,1711.32
2025-08-11,9,4126,932.2,1013.3
2025-08-11,9,3137,592.29,620.98
2025-08-11,9,4119,297.95,297.95
2025-08-11,9,3495,294.57,302.39
2025-08-11,9,5291,435.58,463.91
2025-08-12,9,2399,542.15,1013.3
2025-08-12,9,5031,266.67,441.49
2025-08-12,9,2396,539.18,607.18
2025-08-12,9,1640,230.75,230.75
2025-08-12,9,1478,247.74,273.92
2025-08-12,9,2916,1041.59,941.42
2025-08-12,9,3440,1492.8,1436.76
2025-08-13,9,5509,1127.34,1348.45
2025-08-13,9,3868,703.98,792.18
2025-08-13,9,3387,688.04,764.14
2025-08-13,9,1552,253.58,267.0
2025-08-13,9,1266,217.51,232.69
2025-08-13,9,2081,258.36,287.42
2025-08-13,9,2480,275.04,456.38
2025-08-13,9,1383,232.9,219.92
2025-08-13,9,2090,263.93,282.25
2025-08-13,9,2239,259.06,291.0
2025-08-13,9,1186,197.37,291.88
2025-08-13,9,2088,257.58,284.35
2025-08-13,9,5673,765.6,913.85
2025-08-13,9,1827,239.68,288.39
2025-08-14,9,3338,540.55,486.49
2025-08-14,9,1998,516.9,602.85
2025-08-14,9,1000,217.51,217.52
2025-08-14,9,1970,287.84,309.43
2025-08-15,9,5857,1682.09,1918.45
2025-08-15,9,2746,727.77,910.37
2025-08-15,9,3500,290.71,401.93
2025-08-15,9,2100,572.66,624.43
2025-08-15,9,2077,257.87,289.28
2025-08-15,9,3422,496.88,592.43
2025-08-15,9,2698,357.03,428.68
2025-08-15,9,3204,605.5,708.68
2025-08-15,9,2440,539.02,572.66
2025-08-15,9,3521,526.68,571.41
2025-08-15,9,5675,508.91,568.99
2025-08-15,9,3501,772.21,803.98
2025-08-17,9,1025,196.62,262.12
2025-08-18,9,1951,530.06,834.83
2025-08-18,9,2629,896.55,1045.23
2025-08-18,9,2050,554.71,586.95
2025-08-18,9,6232,1021.81,1770.59
2025-08-18,9,1446,470.01,452.55
2025-08-18,9,376,243.64,244.46
2025-08-18,9,4900,962.59,1728.05
2025-08-18,9,797,277.54,277.54
2025-08-18,9,2385,527.45,550.58
2025-08-18,9,6742,601.57,653.15
2025-08-18,9,3646,420.43,445.43
2025-08-18,9,2083,275.65,290.47
2025-08-18,9,5682,590.57,627.79
2025-08-19,9,3872,553.61,951.63
2025-08-19,9,3551,941.64,1214.54
2025-08-19,9,3548,764.62,779.61
2025-08-19,9,1255,377.98,443.48
2025-08-19,9,3542,671.08,732.28
2025-08-19,9,1251,298.44,359.05
2025-08-19,9,4332,493.69,493.69
2025-08-19,9,833,226.77,226.78
2025-08-19,9,3600,397.96,431.68
2025-08-19,9,2601,510.94,551.99
2025-08-20,9,1633,389.58,419.87
2025-08-20,9,1944,553.48,601.91
2025-08-20,9,1528,586.33,682.04
2025-08-20,9,6180,1266.57,1378.42
2025-08-20,9,3004,355.7,391.35
2025-08-20,9,653,216.69,216.69
2025-08-20,9,3802,251.66,251.66
2025-08-21,9,2127,657.08,738.33
2025-08-21,9,2183,604.13,618.51
2025-08-21,9,7849,700.34,699.99
2025-08-21,9,4083,615.69,643.34
2025-08-21,9,3521,792.7,893.78
2025-08-21,9,4330,931.33,933.87
2025-08-21,9,2169,287.02,286.89
2025-08-21,9,3337,401.07,440.49
2025-08-21,9,1952,187.86,187.86
2025-08-22,9,1227,258.71,423.72
2025-08-22,9,3475,690.01,1313.35
2025-08-22,9,1159,276.25,537.75
2025-08-22,9,2834,373.87,406.02
2025-08-22,9,5045,631.68,706.66
2025-08-22,9,509,286.52,242.81
2025-08-25,9,2376,434.08,561.78
2025-08-25,9,3193,376.77,405.79
2025-08-25,9,2046,273.98,299.3
2025-08-25,9,1487,504.16,534.97
2025-08-25,9,1494,248.69,270.32
2025-08-26,9,3102,397.71,417.97
2025-08-26,9,4099,659.56,692.78
2025-08-27,9,2586,260.83,260.53
2025-08-27,9,1144,195.88,195.88
2025-09-01,9,2690,676.24,756.97
2025-09-25,9,668,191.43,188.23
2025-09-26,9,668,139.8,151.88
2025-09-29,9,1683,511.8,485.41
2025-09-30,9,2091,320.25,343.87
2025-10-21,9,3067,331.42,380.58
2025-02-18,11,170,51.0,55.68
2025-02-18,11,5060,1518.0,1528.39
2025-03-06,11,2830,1734.74,1760.9
2025-03-07,11,2620,1289.42,1395.28
2025-03-09,11,10270,3081.0,3177.56
2025-03-14,11,3440,1082.97,1044.27
2025-03-20,11,830,309.2,330.27
2025-03-21,11,8820,3176.08,3252.15
2025-03-24,11,880,264.0,250.57
2025-04-04,11,2170,651.0,711.93
2025-04-17,11,1700,510.0,551.47
2025-04-18,11,1000,435.29,455.31
2025-04-22,11,7480,2244.0,2265.98
2025-05-02,11,11920,3576.0,3849.96
2025-05-22,11,7430,2375.05,2575.56
2025-05-26,11,4640,1392.0,1312.4
2025-06-03,11,6880,2064.0,2080.94
2025-06-16,11,5370,1611.0,1679.87
2025-06-17,11,4610,1383.0,1411.25
2025-06-19,11,150,49.68,50.68
2025-06-23,11,1840,667.13,695.31
2025-06-26,11,4330,1325.3,1251.92
2025-06-29,11,160,65.63,67.15
2025-07-03,11,5960,2481.22,2483.17
2025-07-17,11,13780,4134.0,4104.41
2025-07-27,11,300,90.0,88.22
2025-08-04,11,4522,343.54,343.54
2025-08-05,11,3333,272.6,312.12
2025-08-06,11,2150,179.8,198.2
2025-08-06,11,3097,170.87,184.77
2025-08-06,11,2740,206.61,226.22
2025-08-06,11,340,116.17,98.45
2025-08-06,11,1902,139.06,154.7
2025-08-06,11,233,116.17,98.45
2025-08-06,11,2465,199.68,199.68
2025-08-07,11,739,116.17,98.45
2025-08-07,11,2109,191.6,210.77
2025-08-07,11,4056,247.36,247.36
2025-08-07,11,2155,111.72,111.67
2025-08-07,11,1653,225.15,245.13
2025-08-07,11,1395,135.5,146.68
2025-08-07,11,185,105.03,105.03
2025-08-07,11,185,105.03,105.03
2025-08-07,11,5593,349.12,426.34
2025-08-07,11,1487,127.86,127.78
2025-08-07,11,2297,182.42,182.73
2025-08-07,11,222,119.5,101.27
2025-08-07,11,4479,276.58,276.58
2025-08-07,11,4967,247.36,250.64
2025-08-07,11,3542,164.59,164.59
2025-08-07,11,336,119.5,101.27
2025-08-07,11,5037,179.0,198.43
2025-08-07,11,730,219.0,229.32
2025-08-08,11,462,83.03,83.03
2025-08-08,11,198,83.03,83.03
2025-08-08,11,2812,115.55,155.95
2025-08-08,11,1083,105.03,105.03
2025-08-08,11,1002,105.03,105.03
2025-08-08,11,1018,115.89,132.62
2025-08-08,11,775,105.03,105.03
2025-08-08,11,1175,81.21,152.55
2025-08-08,11,528,83.03,83.03
2025-08-08,11,419,80.61,80.61
2025-08-08,11,1093,101.27,101.27
2025-08-08,11,450,105.03,105.03
2025-08-08,11,4477,184.34,184.34
2025-08-08,11,1923,172.1,152.04
2025-08-08,11,534,116.17,98.45
2025-08-08,11,2781,129.55,142.22
2025-08-08,11,5741,300.44,321.57
2025-08-08,11,202,100.82,85.44
2025-08-08,11,352,119.5,101.27
2025-08-08,11,251,100.82,85.44
2025-08-08,11,1028,80.61,80.61
2025-08-08,11,432,100.82,85.44
2025-08-08,11,5575,355.14,380.94
2025-08-08,11,5295,217.4,236.08
2025-08-11,11,1043,85.44,85.44
2025-08-11,11,132,83.03,83.03
2025-08-11,11,2910,214.94,268.48
2025-08-11,11,1022,105.03,199.56
2025-08-11,11,3851,247.36,247.36
2025-08-11,11,6679,221.49,251.38
2025-08-11,11,3441,264.75,285.83
2025-08-11,11,1428,123.94,128.95
2025-08-11,11,5553,227.99,227.99
2025-08-11,11,526,120.93,102.48
2025-08-12,11,2001,147.79,157.33
2025-08-12,11,220,105.03,105.03
2025-08-12,11,318,85.44,85.44
2025-08-12,11,138,105.03,105.03
2025-08-12,11,2037,120.9,120.78
2025-08-12,11,5323,320.19,384.01
2025-08-12,11,415,120.93,102.48
2025-08-12,11,7750,344.83,506.0
2025-08-12,11,234,100.82,85.44
2025-08-12,11,192,95.12,80.61
2025-08-12,11,2093,164.53,187.58
2025-08-12,11,1199,106.0,118.47
2025-08-12,11,396,100.82,85.44
2025-08-12,11,1107,85.44,93.46
2025-08-13,11,5051,323.25,322.81
2025-08-13,11,2123,142.89,142.68
2025-08-13,11,4274,319.99,320.31
2025-08-13,11,4621,241.62,241.62
2025-08-13,11,370,85.44,85.44
2025-08-13,11,1945,157.3,195.05
2025-08-13,11,3586,318.22,336.76
2025-08-13,11,1616,127.5,254.91
2025-08-13,11,1282,133.85,134.38
2025-08-13,11,1098,101.27,135.26
2025-08-13,11,2011,162.9,185.9
2025-08-13,11,585,85.44,85.44
2025-08-13,11,6292,283.53,306.64
2025-08-13,11,4119,153.57,153.57
2025-08-13,11,472,85.44,85.44
2025-08-13,11,740,83.03,83.03
2025-08-13,11,2558,242.79,270.04
2025-08-13,11,1244,89.67,96.95
2025-08-13,11,1296,101.27,101.27
2025-08-13,11,1475,225.5,209.23
2025-08-13,11,309,123.94,105.03
2025-08-13,11,430,119.5,101.27
2025-08-13,11,459,100.82,85.44
2025-08-14,11,1775,167.25,189.83
2025-08-14,11,3897,247.36,284.71
2025-08-14,11,3659,262.53,272.78
2025-08-14,11,3988,289.72,289.72
2025-08-14,11,4966,241.62,254.66
2025-08-14,11,138,100.82,85.44
2025-08-14,11,303,119.5,101.27
2025-08-15,11,8374,291.57,400.54
2025-08-15,11,520,80.61,80.61
2025-08-15,11,3558,309.72,308.47
2025-08-15,11,2019,155.34,172.84
2025-08-15,11,3739,312.85,330.25
2025-08-15,11,4305,341.87,288.62
2025-08-15,11,5465,258.28,353.82
2025-08-15,11,653,119.5,100.88
2025-08-15,11,6556,324.36,339.09
2025-08-15,11,1139,101.27,100.88
2025-08-15,11,3643,424.48,422.51
2025-08-15,11,5567,205.23,204.45
2025-08-15,11,254,119.5,100.88
2025-08-15,11,3795,395.14,393.64
2025-08-15,11,7740,423.97,458.09
2025-08-15,11,6217,360.24,373.19
2025-08-15,11,3588,300.06,318.78
2025-08-16,11,4340,1954.54,2004.44
2025-08-17,11,1553,123.94,104.63
2025-08-18,11,7464,424.62,448.01
2025-08-18,11,590,80.61,80.3
2025-08-18,11,1158,100.82,85.11
2025-08-18,11,4785,213.69,217.98
2025-08-18,11,4790,305.96,309.95
2025-08-18,11,7213,678.8,703.6
2025-08-18,11,1518,136.66,150.24
2025-08-18,11,3414,261.67,286.65
2025-08-18,11,2008,219.5,291.32
2025-08-18,11,290,97.6,82.71
2025-08-18,11,390,123.46,104.63
2025-08-19,11,2184,234.18,270.61
2025-08-19,11,5844,288.03,622.87
2025-08-19,11,1750,112.76,152.76
2025-08-19,11,264,104.63,104.63
2025-08-19,11,531,82.71,82.71
2025-08-19,11,1282,107.32,115.94
2025-08-19,11,213,82.71,82.71
2025-08-19,11,756,119.04,100.88
2025-08-19,11,4947,204.5,215.14
2025-08-19,11,3731,387.0,395.96
2025-08-19,11,5343,300.32,318.42
2025-08-19,11,6311,312.32,312.23
2025-08-19,11,6870,311.81,335.4
2025-08-19,11,704,97.6,82.71
2025-08-19,11,148,119.04,100.88
2025-08-19,11,4239,183.64,183.64
2025-08-19,11,1171,94.75,122.01
2025-08-20,11,4188,271.75,521.75
2025-08-20,11,132,104.63,104.63
2025-08-20,11,6649,591.09,1070.95
2025-08-20,11,3886,247.45,247.45
2025-08-20,11,528,82.71,82.71
2025-08-20,11,612,82.71,82.71
2025-08-20,11,317,104.63,104.63
2025-08-20,11,297,85.11,85.11
2025-08-20,11,5031,282.78,342.03
2025-08-20,11,3665,141.64,152.98
2025-08-20,11,1410,100.88,104.37
2025-08-20,11,4393,288.62,640.46
2025-08-20,11,3567,279.48,298.22
2025-08-20,11,7237,483.0,513.23
2025-08-20,11,1275,87.78,97.78
2025-08-21,11,264,98.08,98.08
2025-08-21,11,330,104.63,104.63
2025-08-21,11,165,104.63,104.63
2025-08-21,11,165,82.71,82.71
2025-08-21,11,165,123.46,104.63
2025-08-21,11,168,104.63,104.63
2025-08-21,11,6002,359.6,461.63
2025-08-21,11,1403,94.75,84.72
2025-08-21,11,755,97.6,82.71
2025-08-21,11,3793,221.44,221.39
2025-08-21,11,3744,238.24,238.17
2025-08-21,11,5615,276.74,276.65
2025-08-21,11,6245,360.5,399.46
2025-08-21,11,1020,119.04,100.88
2025-08-21,11,800,115.73,115.9
2025-08-21,11,3467,209.89,224.64
2025-08-21,11,573,123.46,104.63
2025-08-21,11,1440,100.43,85.11
2025-08-21,11,4530,246.42,266.64
2025-08-21,11,1366,100.43,85.11
2025-08-22,11,7557,504.36,511.57
2025-08-22,11,184,104.63,104.63
2025-08-22,11,196,104.63,104.63
2025-08-22,11,2038,136.65,293.05
2025-08-22,11,4979,275.53,285.74
2025-08-22,11,301,98.08,98.08
2025-08-22,11,3325,160.61,152.68
2025-08-22,11,3951,366.35,364.96
2025-08-22,11,119,100.43,85.11
2025-08-22,11,4091,333.7,333.7
2025-08-22,11,2930,190.03,196.51
2025-08-22,11,1383,161.52,136.27
2025-08-22,11,3115,290.22,256.03
2025-08-22,11,584,97.6,82.4
2025-08-25,11,528,85.11,84.79
2025-08-25,11,264,104.63,104.23
2025-08-25,11,4332,260.66,259.67
2025-08-25,11,1069,100.5,100.5
2025-08-25,11,163,82.71,82.4
2025-08-25,11,3688,171.02,182.01
2025-08-25,11,3381,272.83,299.05
2025-08-25,11,6377,346.59,370.06
2025-08-25,11,6388,459.9,488.41
2025-08-25,11,5422,275.39,281.07
2025-08-25,11,3495,282.03,301.47
2025-08-25,11,5559,308.96,320.3
2025-08-25,11,6470,412.49,416.95
2025-08-25,11,3761,127.75,134.01
2025-08-25,11,4431,466.97,466.97
2025-08-25,11,4096,297.08,297.08
2025-08-25,11,286,115.3,97.71
2025-08-25,11,4617,287.52,327.52
2025-08-26,11,3292,238.23,381.54
2025-08-26,11,1031,104.23,104.23
2025-08-26,11,281,122.99,104.23
2025-08-26,11,6491,339.39,339.25
2025-08-26,11,3662,316.45,316.27
2025-08-26,11,3381,237.07,237.0
2025-08-26,11,3600,232.59,243.58
2025-08-26,11,3708,255.85,255.71
2025-08-26,11,4147,203.72,203.72
2025-08-26,11,3614,215.7,215.7
2025-08-26,11,4593,226.07,226.07
2025-08-26,11,834,94.4,80.0
2025-08-26,11,600,100.05,84.79
2025-08-26,11,233,100.05,84.79
2025-08-26,11,500,122.99,104.23
2025-08-26,11,730,118.59,100.5
2025-08-26,11,3973,332.44,332.42
2025-08-27,11,264,80.0,80.0
2025-08-27,11,113,118.59,100.5
2025-08-27,11,132,82.4,82.4
2025-08-27,11,2260,165.66,182.88
2025-08-27,11,975,82.4,82.4
2025-08-27,11,222,122.99,104.23
2025-08-27,11,1340,82.4,82.4
2025-08-27,11,132,104.23,104.23
2025-08-27,11,3362,307.71,321.71
2025-08-27,11,188,80.0,80.0
2025-08-27,11,708,101.7,101.7
2025-08-27,11,2024,105.26,118.52
2025-08-27,11,3099,138.41,153.42
2025-08-27,11,2551,156.47,148.42
2025-08-27,11,1175,118.59,100.5
2025-08-27,11,1140,80.0,81.48
2025-08-28,11,413,122.99,104.23
2025-08-28,11,192,118.59,100.5
2025-08-29,11,930,370.12,359.23
2025-09-03,11,890,507.27,510.52
2025-09-08,11,4877,146.31,131.68
2025-09-10,11,484,14.52,13.51
2025-09-14,11,969,95.78,92.04
2025-09-15,11,4415,132.45,119.2
2025-09-18,11,3066,91.98,96.47
2025-09-19,11,2176,147.95,177.37
2025-09-25,11,484,210.12,204.19
2025-10-12,11,484,50.35,45.32
2025-10-13,11,484,76.61,81.94
2025-10-15,11,484,124.0,141.97
2025-10-20,11,5330,960.7,1124.69
2025-10-25,11,484,19.22,17.3
2025-03-02,15,1640,492.0,452.29
2025-03-25,15,710,273.75,284.86
2025-03-28,15,1020,390.24,372.16
2025-03-28,15,3700,1214.0,1222.93
2025-03-29,15,21030,14606.62,15137.46
2025-04-05,15,2190,657.0,632.12
2025-04-20,15,6290,2260.63,2395.79
2025-04-21,15,11730,4669.28,5209.27
2025-05-03,15,1690,572.58,633.84
2025-05-13,15,200,88.86,102.68
2025-05-17,15,2910,873.0,889.49
2025-06-02,15,15220,4566.0,4429.84
2025-07-04,15,11610,4657.43,4605.36
2025-07-07,15,1720,610.5,610.13
2025-07-08,15,7010,2103.0,2172.15
2025-07-20,15,1670,670.69,634.3
2025-07-31,15,6280,2054.48,2009.69
2025-08-02,15,35930,17648.99,18260.47
2025-08-05,15,8930,2679.0,2862.15
2025-08-22,15,510,239.45,246.27
2025-08-22,15,1780,722.39,757.26
2025-08-22,15,19290,7898.3,8229.63
2025-08-28,15,460,138.0,132.62
2025-09-02,15,5070,1521.0,1598.14
2025-09-02,15,650,297.08,275.13
2025-09-03,15,3040,912.0,911.53
2025-09-10,15,4830,1885.58,1854.9
2025-09-10,15,5310,2307.52,2531.0
2025-09-12,15,1330,784.79,814.76
2025-09-13,15,6400,1920.0,2120.02
2025-09-25,15,5779,2645.31,2981.17
2025-09-26,15,5033,2088.11,2011.73
2025-10-01,15,2898,1278.0,1381.89
2025-10-02,15,4507,1969.48,2086.4
2025-10-04,15,9819,3854.31,3892.44
2025-10-06,15,5174,790.73,832.69
2025-10-12,15,842,204.35,216.02
2025-10-24,15,5935,1688.26,1669.8
2025-02-22,16,4660,1398.0,1302.4
2025-03-06,16,7370,2211.0,2295.08
2025-03-08,16,370,111.0,109.75
2025-03-12,16,7870,4338.36,4373.79
2025-03-17,16,190,74.77,71.97
2025-03-25,16,440,203.48,199.31
2025-04-02,16,4890,3237.99,3066.84
2025-04-02,16,4310,1293.0,1295.23
2025-04-07,16,980,294.0,284.13
2025-04-19,16,2630,1290.07,1269.13
2025-04-27,16,260,81.27,84.92
2025-04-29,16,1810,620.13,562.45
2025-05-02,16,2030,975.05,897.17
2025-05-17,16,550,235.48,244.85
2025-05-19,16,7220,2166.0,2326.16
2025-05-30,16,4030,1988.11,1912.08
2025-06-07,16,4750,1425.0,1242.91
2025-06-22,16,330,99.0,98.04
2025-06-28,16,1540,462.0,407.72
2025-07-15,16,1830,904.75,924.67
2025-07-17,16,600,197.22,197.27
2025-07-18,16,4530,2932.03,3010.07
2025-07-21,16,550,177.55,183.68
2025-07-25,16,3930,1549.94,1594.79
2025-07-27,16,820,246.0,258.51
2025-07-29,16,4170,1272.35,1351.23
2025-08-05,16,10140,4185.9,4387.52
2025-08-26,16,3960,1188.0,1289.69
2025-08-27,16,3920,2716.59,2783.25
2025-09-14,16,4160,1905.88,1783.2
2025-10-13,16,3271,1227.21,1339.44
2025-10-18,16,3556,848.37,844.0
2025-02-23,17,5440,1632.0,1717.55
2025-02-25,17,560,183.4,177.78
2025-02-26,17,180,57.57,57.05
2025-02-26,17,1080,388.18,377.69
2025-02-28,17,120,45.43,46.34
2025-03-06,17,2310,764.87,719.05
2025-03-18,17,2070,681.22,756.1
2025-03-21,17,5010,1503.0,1578.62
2025-04-04,17,1550,465.0,467.78
2025-04-16,17,4560,1368.0,1350.03
2025-04-20,17,13280,3984.0,3960.79
2025-04-26,17,1860,852.87,875.41
2025-05-04,17,3400,2151.91,2146.16
2025-05-12,17,11280,3384.0,3475.61
2025-05-22,17,1350,405.0,437.98
2025-05-26,17,4320,1296.0,1337.99
2025-05-27,17,1110,344.31,323.39
2025-06-06,17,5970,2218.89,2124.69
2025-06-11,17,4690,3303.5,3082.54
2025-06-23,17,5930,3017.99,2811.98
2025-07-11,17,300,90.0,89.2
2025-07-15,17,1850,584.47,572.2
2025-07-21,17,6530,2287.64,2323.0
2025-07-30,17,5110,1578.09,1485.99
2025-07-31,17,9000,5116.08,5347.99
2025-08-04,17,5643,1376.76,1599.09
2025-08-04,17,3879,888.59,986.04
2025-08-04,17,1966,700.51,746.9
2025-08-05,17,1844,537.73,578.73
2025-08-05,17,14599,1703.65,1917.13
2025-08-06,17,2342,462.45,869.59
2025-08-06,17,215,233.55,298.55
2025-08-06,17,2540,458.47,692.7
2025-08-06,17,5283,676.84,702.46
2025-08-06,17,1664,544.53,533.36
2025-08-06,17,4260,728.46,728.46
2025-08-07,17,3137,334.13,375.0
2025-08-07,17,1981,700.51,771.73
2025-08-07,17,1612,827.43,805.19
2025-08-07,17,2216,404.83,451.84
2025-08-07,17,2591,934.83,1017.55
2025-08-07,17,2156,394.9,434.46
2025-08-07,17,270,346.39,263.55
2025-08-07,17,264,233.55,233.55
2025-08-07,17,2057,650.66,700.23
2025-08-07,17,13245,953.58,1029.62
2025-08-07,17,7627,1456.39,1552.5
2025-08-07,17,4225,728.46,728.46
2025-08-07,17,175,275.59,233.55
2025-08-08,17,317,293.55,225.55
2025-08-08,17,2090,383.97,487.05
2025-08-08,17,3219,796.66,895.89
2025-08-08,17,5277,575.41,849.64
2025-08-08,17,3606,634.92,728.46
2025-08-08,17,6053,1116.07,1186.77
2025-08-08,17,3516,886.09,1035.78
2025-08-11,17,283,290.13,294.17
2025-08-11,17,140,233.55,195.55
2025-08-11,17,4389,728.46,728.46
2025-08-11,17,11071,871.79,956.07
2025-08-11,17,4863,972.03,1095.33
2025-08-12,17,529,281.55,313.26
2025-08-12,17,2664,520.82,774.38
2025-08-12,17,2815,503.99,564.1
2025-08-12,17,4977,928.52,986.4
2025-08-12,17,1021,275.59,241.35
2025-08-13,17,4647,1047.04,1088.38
2025-08-13,17,1602,492.89,424.89
2025-08-13,17,8485,1174.66,1239.67
2025-08-13,17,181,274.73,297.82
2025-08-13,17,522,331.37,262.38
2025-08-13,17,1285,394.2,358.25
2025-08-13,17,2343,424.4,497.29
2025-08-13,17,2606,489.95,529.66
2025-08-13,17,2234,425.44,467.24
2025-08-13,17,2850,306.04,629.06
2025-08-13,17,11137,804.98,875.78
2025-08-13,17,390,117.0,110.14
2025-08-14,17,4034,704.62,893.88
2025-08-14,17,3234,725.05,752.9
2025-08-14,17,480,274.73,232.82
2025-08-14,17,3853,942.68,1007.73
2025-08-14,17,5451,1008.5,1081.31
2025-08-14,17,1573,534.67,488.04
2025-08-15,17,5154,1260.49,1338.12
2025-08-15,17,8089,1266.52,1299.98
2025-08-15,17,2376,651.67,735.36
2025-08-15,17,2522,741.45,788.32
2025-08-15,17,1019,232.82,232.82
2025-08-15,17,2813,764.55,880.0
2025-08-15,17,2051,466.25,383.09
2025-08-15,17,2009,635.42,692.38
2025-08-15,17,1970,576.19,646.15
2025-08-15,17,4747,797.37,849.01
2025-08-15,17,2314,660.7,736.31
2025-08-15,17,2344,643.41,727.6
2025-08-15,17,3969,995.8,1035.64
2025-08-15,17,3802,665.02,717.47
2025-08-17,17,2430,729.0,748.9
2025-08-17,17,2030,609.0,659.94
2025-08-18,17,2743,776.12,917.01
2025-08-18,17,2323,421.1,456.9
2025-08-18,17,2416,629.04,710.74
2025-08-18,17,750,415.56,387.64
2025-08-18,17,6693,1544.98,1052.25
2025-08-18,17,1633,316.05,316.05
2025-08-18,17,2287,434.63,446.42
2025-08-18,17,3783,926.26,1001.85
2025-08-18,17,1850,287.9,251.16
2025-08-19,17,328,232.82,232.82
2025-08-19,17,1020,241.04,251.36
2025-08-19,17,2055,376.92,471.31
2025-08-19,17,3671,1087.39,1138.56
2025-08-19,17,3718,682.8,749.52
2025-08-19,17,880,279.74,236.47
2025-08-19,17,5111,1204.91,1434.88
2025-08-19,17,768,398.62,362.66
2025-08-19,17,707,339.26,382.12
2025-08-19,17,11113,1914.48,2011.02
2025-08-19,17,11767,1696.89,1877.77
2025-08-19,17,5238,758.62,725.88
2025-08-20,17,9146,1238.66,1238.66
2025-08-20,17,396,232.23,232.23
2025-08-20,17,2037,606.73,656.44
2025-08-20,17,3619,1088.39,1151.09
2025-08-20,17,4261,723.82,723.82
2025-08-20,17,9263,724.61,734.22
2025-08-21,17,4505,723.82,785.54
2025-08-21,17,7892,1879.02,1954.54
2025-08-21,17,4518,543.75,543.75
2025-08-21,17,3728,650.97,693.22
2025-08-21,17,4017,698.5,723.82
2025-08-21,17,5003,794.67,1014.26
2025-08-21,17,252,274.03,194.23
2025-08-22,17,6533,1371.41,1485.09
2025-08-22,17,1639,683.77,725.61
2025-08-22,17,227,344.83,224.23
2025-08-22,17,3694,645.39,723.82
2025-08-22,17,3686,840.84,901.61
2025-08-22,17,3993,972.74,1040.38
2025-08-25,17,12616,858.5,835.98
2025-08-25,17,9997,1171.25,1276.1
2025-08-25,17,2861,598.43,598.47
2025-08-25,17,3411,345.09,365.7
2025-08-25,17,284,344.83,262.23
2025-08-25,17,775,232.23,236.47
2025-08-26,17,3509,398.28,436.01
2025-08-26,17,608,274.03,275.57
2025-09-11,17,3320,1041.73,985.94
2025-09-14,17,140,45.72,49.31
2025-09-27,17,945,378.26,398.9
2025-10-26,17,2033,507.48,543.83
2025-02-15,18,9370,2989.92,3205.75
2025-02-22,18,22990,6897.0,6291.44
2025-02-26,18,500,150.0,160.69
2025-03-02,18,6390,2414.83,2431.89
2025-03-02,18,12100,3630.0,3897.04
2025-03-06,18,9530,3236.39,3113.09
2025-03-07,18,5480,1644.0,1731.25
2025-03-07,18,3140,1394.04,1346.32
2025-03-09,18,11320,3396.0,3578.05
2025-03-23,18,3170,951.0,991.56
2025-03-24,18,190,63.9,61.37
2025-04-04,18,1090,466.79,408.04
2025-04-07,18,5340,1602.0,1677.52
2025-04-23,18,140,42.0,44.25
2025-05-05,18,3780,1134.0,1230.02
2025-05-06,18,690,268.11,275.58
2025-05-16,18,1690,507.0,465.48
2025-05-28,18,180,54.0,55.8
2025-06-01,18,4890,1467.0,1571.66
2025-06-03,18,1330,399.0,415.67
2025-06-11,18,2450,735.0,758.36
2025-06-18,18,1410,423.0,440.23
2025-06-24,18,3020,1324.06,1273.69
2025-07-09,18,6280,1884.0,1922.71
2025-07-29,18,7540,3426.57,3738.75
2025-08-01,18,3820,1146.0,1174.35
2025-08-25,18,5980,1794.0,1722.75
2025-09-01,18,470,223.66,236.32
2025-09-03,18,3500,1050.0,1059.11
2025-09-08,18,4020,1829.92,2032.03
2025-09-12,18,2493,668.51,725.36
2025-09-20,18,9244,3867.23,4290.82
2025-09-21,18,3224,1042.2,1124.86
2025-09-24,18,4099,1265.05,1369.36
2025-09-27,18,3415,860.23,872.43
2025-09-30,18,6042,1813.79,1914.99
2025-10-04,18,6179,1700.93,1834.85
2025-10-05,18,5075,1109.17,1238.46
2025-10-06,18,1743,332.63,325.78
2025-10-07,18,910,276.13,282.19
2025-10-20,18,2364,805.83,850.77
2025-10-21,18,4837,1581.85,1694.17
2025-10-24,18,910,251.13,230.24
2025-10-25,18,3777,1131.95,1239.13
2025-02-14,19,990,297.0,297.72
2025-02-22,19,6470,2696.98,2752.9
2025-02-23,19,290,109.4,115.81
2025-02-28,19,4560,1368.0,1299.13
2025-03-06,19,560,235.24,241.15
2025-03-20,19,4610,1383.0,1424.86
2025-03-28,19,3460,1578.68,1573.74
2025-04-24,19,4190,1257.0,1292.1
2025-04-25,19,4800,1440.0,1516.28
2025-04-29,19,1900,767.21,801.59
2025-05-04,19,920,624.6,620.73
2025-05-10,19,1130,339.0,322.4
2025-05-16,19,3300,990.0,1067.17
2025-05-20,19,2430,729.0,771.71
2025-05-23,19,1930,751.29,800.97
2025-05-27,19,11600,4164.09,4410.75
2025-06-12,19,2460,884.35,1005.41
2025-06-22,19,680,224.54,223.78
2025-07-05,19,4580,1918.01,1931.51
2025-07-07,19,3350,1865.49,1805.11
2025-07-10,19,4630,1787.08,1856.75
2025-07-26,19,43920,1264.36,1262.94
2025-07-26,19,7220,2166.0,2216.65
2025-07-27,19,900,317.88,303.8
2025-07-28,19,19421,1392.84,1094.15
2025-07-28,19,19356,2061.52,1090.6
2025-07-28,19,16736,1264.36,708.38
2025-07-28,19,1390,417.0,457.52
2025-07-30,19,15042,1747.36,705.59
2025-08-01,19,20958,3945.25,3236.94
2025-08-01,19,14722,961.02,769.63
2025-08-01,19,14525,1145.7,759.17
2025-08-01,19,19882,1381.16,1018.81
2025-08-01,19,14876,1190.16,677.71
2025-08-01,19,28180,2058.0,1651.94
2025-08-04,19,37778,1608.92,1678.41
2025-08-05,19,35746,501.32,499.81
2025-08-05,19,20177,1608.92,1932.41
2025-08-05,19,39672,506.16,504.68
2025-08-06,19,20160,1728.64,1134.55
2025-08-06,19,22678,1980.99,1297.65
2025-08-07,19,26448,506.16,391.22
2025-08-07,19,20034,1769.52,1297.96
2025-08-07,19,14586,502.74,215.74
2025-08-08,19,24663,1580.04,1242.47
2025-08-08,19,40730,1127.12,1123.26
2025-08-10,19,7810,3832.86,3903.32
2025-08-11,19,14925,1264.36,459.5
2025-08-11,19,22633,1563.72,947.77
2025-08-11,19,20280,1214.72,1030.58
2025-08-27,19,3770,1131.0,1091.82
2025-08-29,19,1520,456.0,444.26
2025-09-02,19,23000,8606.6,9049.58
2025-09-06,19,7100,2504.82,2627.95
2025-09-14,19,1140,380.84,363.06
2025-09-15,19,8897,1576.04,1418.44
2025-09-27,19,2078,805.11,724.6
2025-09-29,19,12474,1245.87,1191.82
2025-09-30,19,8979,6231.96,5608.76
2025-10-04,19,23502,7618.14,8205.45
2025-10-08,19,9072,3371.81,3258.79
2025-10-10,19,23311,5278.42,6430.68
2025-10-12,19,1952,566.65,509.98
2025-10-20,19,12661,6747.02,6621.71
2025-10-21,19,5711,687.42,654.2
2025-10-24,19,1952,298.42,310.65
2025-10-27,19,21871,16463.07,14816.76
2025-02-13,23,3780,1754.77,1843.25
2025-02-13,23,4030,1209.0,1202.51
2025-02-17,23,160,93.51,91.06
2025-02-19,23,6560,2163.4,2136.44
2025-02-19,23,4560,1752.16,1859.6
2025-03-04,23,240,91.68,98.49
2025-03-06,23,2550,765.0,796.23
2025-03-30,23,320,158.75,154.76
2025-03-31,23,1100,330.0,310.49
2025-04-13,23,1600,480.0,456.15
2025-04-18,23,7180,2154.0,1899.54
2025-04-20,23,740,295.73,311.96
2025-04-21,23,2760,828.0,887.36
2025-04-29,23,4950,2649.16,2853.18
2025-05-09,23,3970,2502.62,2484.28
2025-05-14,23,2490,863.2,928.15
2025-05-25,23,3940,1182.0,1320.02
2025-06-09,23,140,85.97,83.97
2025-06-20,23,2670,1014.97,1042.93
2025-06-26,23,4470,2329.9,2255.74
2025-06-29,23,5140,1542.0,1583.5
2025-07-12,23,3880,1284.2,1251.93
2025-07-13,23,4000,1200.0,1293.9
2025-07-16,23,1000,386.65,403.76
2025-07-28,23,1230,520.19,472.87
2025-08-11,23,1760,528.0,550.35
2025-08-12,23,6890,2067.0,2117.23
2025-08-30,23,2580,1047.47,1185.44
2025-09-05,23,3390,1197.07,1250.71
2025-09-06,23,14650,7065.05,7251.17
2025-09-09,23,2937,1552.52,1634.28
2025-09-12,23,5077,2508.13,2722.19
2025-09-17,23,4338,1856.67,1956.85
2025-09-18,23,819,359.13,343.87
2025-09-27,23,1441,720.99,771.78
2025-09-28,23,6133,2077.63,2011.09
2025-09-29,23,2581,973.28,1003.74
2025-10-06,23,5406,1781.67,1862.44
2025-10-07,23,1042,430.16,441.94
2025-10-08,23,1533,524.96,534.28
2025-10-11,23,2520,1381.76,1412.39
2025-10-15,23,2574,389.93,382.62
2025-10-18,23,2534,750.77,824.56
2025-10-21,23,2736,1364.68,1406.17
2025-10-24,23,3152,1126.9,1157.81
2025-10-25,23,6609,850.59,786.2
2025-02-23,25,360,165.84,162.84
2025-02-25,25,12050,5970.99,5909.91
2025-02-28,25,369,192.47,225.0
2025-03-07,25,4000,1200.0,1191.86
2025-03-09,25,1130,544.41,546.94
2025-03-19,25,1570,537.09,596.76
2025-03-22,25,2330,767.62,778.58
2025-03-26,25,1820,646.58,677.98
2025-03-27,25,3920,1807.65,1917.84
2025-04-09,25,2370,1254.01,1336.74
2025-04-11,25,2580,928.63,999.85
2025-04-17,25,210,82.8,86.87
2025-04-22,25,5040,2788.92,2844.38
2025-04-24,25,4020,1722.28,1778.16
2025-04-25,25,6970,2091.0,1982.13
2025-04-29,25,3470,1543.88,1576.0
2025-05-01,25,3260,978.0,959.71
2025-05-03,25,2140,667.76,740.62
2025-05-05,25,3260,1128.96,1232.6
2025-05-26,25,9960,3758.87,3985.32
2025-06-04,25,2690,1667.34,1627.22
2025-06-05,25,360,113.72,113.72
2025-06-11,25,1170,381.59,347.39
2025-06-18,25,1898,192.12,192.12
2025-07-17,25,480,204.78,200.4
2025-07-20,25,4030,1209.0,1216.21
2025-07-31,25,2018,345.96,387.61
2025-08-05,25,8475,1065.4,1478.52
2025-08-05,25,13074,760.74,809.39
2025-08-06,25,529,159.9,135.52
2025-08-07,25,270,251.69,250.76
2025-08-07,25,2141,295.35,248.26
2025-08-07,25,1196,135.52,135.52
2025-08-07,25,2885,160.16,174.75
2025-08-07,25,5825,340.73,437.38
2025-08-07,25,5534,427.1,427.02
2025-08-07,25,250,159.91,135.52
2025-08-07,25,235,159.91,135.52
2025-08-07,25,385,208.59,193.0
2025-08-07,25,520,159.91,135.52
2025-08-08,25,449,135.52,135.52
2025-08-08,25,200,135.52,135.52
2025-08-08,25,2083,212.07,238.24
2025-08-08,25,9509,558.12,593.84
2025-08-08,25,244,159.91,135.52
2025-08-08,25,526,151.82,128.65
2025-08-11,25,420,135.52,135.52
2025-08-11,25,5429,241.12,262.93
2025-08-11,25,3994,288.43,288.43
2025-08-11,25,8369,547.42,628.3
2025-08-11,25,14727,509.09,525.95
2025-08-12,25,370,135.52,134.98
2025-08-12,25,293,159.91,134.98
2025-08-12,25,9924,652.39,652.39
2025-08-12,25,7579,708.14,744.11
2025-08-12,25,2089,212.79,233.75
2025-08-12,25,4793,385.88,384.36
2025-08-12,25,327,159.91,134.98
2025-08-12,25,5100,1530.0,1581.75
2025-08-13,25,9800,1065.8,1166.53
2025-08-13,25,500,159.28,134.98
2025-08-13,25,2388,229.94,229.45
2025-08-13,25,2164,210.78,210.1
2025-08-13,25,280,159.28,134.98
2025-08-13,25,7878,364.46,373.02
2025-08-13,25,9342,344.75,372.4
2025-08-13,25,2120,303.51,348.6
2025-08-13,25,163,187.44,187.44
2025-08-13,25,525,134.98,134.98
2025-08-13,25,3675,299.42,436.26
2025-08-14,25,264,134.98,134.98
2025-08-14,25,132,134.98,134.98
2025-08-14,25,2843,134.98,173.86
2025-08-14,25,16319,885.68,905.55
2025-08-14,25,4531,481.11,775.48
2025-08-14,25,2069,349.59,365.81
2025-08-15,25,2701,901.43,1016.25
2025-08-15,25,13989,2620.06,2533.81
2025-08-15,25,455,134.98,134.98
2025-08-15,25,10526,708.32,708.04
2025-08-15,25,11267,586.81,718.73
2025-08-18,25,708,134.97,215.98
2025-08-18,25,3819,367.42,575.26
2025-08-18,25,4929,325.76,325.76
2025-08-18,25,3468,204.6,204.43
2025-08-19,25,4957,562.35,592.61
2025-08-19,25,4386,197.19,197.19
2025-08-19,25,10131,595.95,598.88
2025-08-19,25,14064,763.35,763.24
2025-08-19,25,233,159.28,134.45
2025-08-20,25,3112,301.25,335.2
2025-08-20,25,8696,554.54,700.65
2025-08-20,25,11793,732.89,732.77
2025-08-20,25,5574,224.89,224.85
2025-08-20,25,159,134.45,134.45
2025-08-20,25,5510,396.84,377.74
2025-08-20,25,1730,519.0,495.3
2025-08-21,25,264,134.45,134.45
2025-08-21,25,9164,352.84,362.09
2025-08-21,25,9197,442.08,442.08
2025-08-21,25,306,134.45,134.45
2025-08-21,25,4079,173.16,173.16
2025-08-21,25,4038,360.1,360.1
2025-08-21,25,8599,396.29,396.19
2025-08-21,25,8553,345.09,381.43
2025-08-21,25,8826,352.84,352.84
2025-08-22,25,5220,425.53,493.58
2025-08-22,25,264,134.45,134.45
2025-08-22,25,4518,623.58,940.26
2025-08-22,25,1550,193.76,193.76
2025-08-22,25,6164,356.57,356.5
2025-08-22,25,8177,626.24,625.92
2025-08-22,25,9537,670.24,670.24
2025-08-22,25,156,158.65,134.45
2025-08-26,25,2125,214.54,240.4
2025-08-26,25,332,163.41,137.65
2025-08-26,25,6580,1974.0,1951.09
2025-08-27,25,10170,584.09,648.42
2025-08-27,25,7859,433.91,518.62
2025-09-01,25,1100,343.48,319.43
2025-09-05,25,1670,501.0,513.59
2025-09-05,25,4110,1233.0,1270.71
2025-09-15,25,4980,2334.45,2685.04
2025-09-19,25,7438,1721.94,1850.76
2025-09-20,25,4257,280.78,296.01
2025-10-14,25,3576,682.78,760.94
2025-10-17,25,778,44.49,40.39
2025-10-23,25,1587,212.82,191.54
2025-02-18,27,830,249.0,272.0
2025-02-20,27,1630,489.0,497.23
2025-03-04,27,12040,3612.0,3738.83
2025-03-05,27,810,334.87,362.21
2025-03-20,27,3400,1174.53,1264.98
2025-03-31,27,7340,2202.0,2082.48
2025-04-12,27,11070,3555.05,3866.66
2025-04-18,27,20390,9209.67,9359.43
2025-04-19,27,2330,699.0,648.08
2025-04-20,27,590,286.5,281.18
2025-04-20,27,180,54.64,55.68
2025-05-01,27,6890,2330.3,2387.41
2025-05-08,27,4410,1323.0,1239.12
2025-05-11,27,9870,4828.58,5044.72
2025-05-13,27,300,224.9,549.28
2025-05-15,27,3830,1580.97,1532.88
2025-05-31,27,620,327.08,328.24
2025-06-02,27,9400,2820.0,2917.46
2025-06-04,27,1220,234.58,320.36
2025-06-09,27,1590,887.93,901.79
2025-06-15,27,2420,726.0,771.64
2025-06-19,27,5910,506.28,586.13
2025-06-19,27,33910,17780.1,18323.16
2025-06-21,27,2010,804.02,883.05
2025-06-23,27,3820,1355.63,1390.53
2025-07-07,27,2330,699.0,698.21
2025-07-13,27,320,96.0,105.3
2025-07-15,27,4430,2490.46,2482.44
2025-07-26,27,326,189.52,321.97
2025-07-30,27,4120,1270.28,1377.42
2025-08-01,27,175,230.68,156.49
2025-08-01,27,3200,441.12,522.8
2025-08-04,27,2131,534.27,561.61
2025-08-05,27,400,254.81,233.58
2025-08-05,27,4625,1043.6,1082.78
2025-08-05,27,4083,540.97,501.97
2025-08-05,27,7614,2475.64,2821.48
2025-08-05,27,380,114.0,123.61
2025-08-06,27,1290,448.11,492.51
2025-08-06,27,200,228.33,380.0
2025-08-06,27,189,199.38,129.97
2025-08-06,27,1596,512.96,540.79
2025-08-06,27,1520,491.9,578.18
2025-08-06,27,4809,440.39,632.65
2025-08-07,27,1708,540.79,501.79
2025-08-07,27,740,196.88,198.81
2025-08-07,27,6901,750.82,766.73
2025-08-07,27,4120,494.23,455.23
2025-08-08,27,2037,610.96,651.12
2025-08-08,27,775,180.9,141.9
2025-08-08,27,4950,540.97,747.78
2025-08-11,27,4537,1101.05,1062.05
2025-08-12,27,2118,305.14,354.48
2025-08-12,27,1412,253.23,278.57
2025-08-12,27,1183,175.61,148.39
2025-08-12,27,6641,572.12,599.61
2025-08-12,27,2698,378.03,346.76
2025-08-13,27,8393,878.42,900.87
2025-08-13,27,3616,417.43,458.61
2025-08-13,27,1201,235.38,211.75
2025-08-13,27,1068,180.37,141.37
2025-08-13,27,404,196.22,157.22
2025-08-14,27,1222,425.08,500.27
2025-08-14,27,5053,544.37,566.08
2025-08-15,27,4689,1088.98,1049.98
2025-08-15,27,16861,2783.0,3624.85
2025-08-18,27,1516,489.0,531.73
2025-08-18,27,1500,265.72,343.39
2025-08-18,27,6490,688.09,665.58
2025-08-19,27,1854,523.31,537.58
2025-08-19,27,250,186.97,147.97
2025-08-19,27,405,154.61,115.61
2025-08-19,27,691,194.9,155.9
2025-08-20,27,908,423.99,545.81
2025-08-20,27,3000,414.04,696.09
2025-08-20,27,432,207.91,168.91
2025-08-20,27,2243,261.4,316.13
2025-08-20,27,496,212.2,140.83
2025-08-20,27,132,154.17,115.17
2025-08-20,27,1564,218.24,179.02
2025-08-21,27,258,167.99,128.99
2025-08-21,27,150,199.41,160.41
2025-08-21,27,750,181.92,115.17
2025-08-21,27,4321,537.18,498.18
2025-08-22,27,1555,252.49,221.05
2025-08-22,27,824,220.47,388.78
2025-08-26,27,2019,290.79,260.65
2025-08-26,27,11912,1234.7,1314.79
2025-08-29,27,880,264.0,256.17
2025-09-04,27,1220,366.0,384.09
2025-09-08,27,2940,882.0,911.47
2025-09-10,27,464,151.26,164.56
2025-09-11,27,3073,276.57,323.84
2025-09-24,27,464,190.57,195.13
2025-09-29,27,464,113.53,123.5
2025-09-30,27,3645,1003.59,1290.57
2025-10-03,27,4797,1223.71,1411.15
2025-10-08,27,7503,4824.28,4341.85
2025-10-09,27,464,259.74,233.77
2025-10-12,27,464,99.73,109.42
2025-10-20,27,1555,289.52,263.81
2025-10-23,27,464,67.81,95.84
2025-02-16,28,830,249.0,246.08
2025-02-17,28,4390,1714.8,1792.95
2025-03-10,28,600,180.0,183.66
2025-03-11,28,3380,1564.22,1654.39
2025-03-11,28,230,87.31,94.28
2025-03-18,28,120,36.0,35.22
2025-03-25,28,31820,9546.0,9346.7
2025-04-09,28,270,94.74,102.05
2025-04-13,28,1130,577.81,608.88
2025-04-18,28,3020,1830.53,1691.82
2025-04-27,28,1640,492.0,526.96
2025-05-08,28,210,63.0,65.81
2025-05-09,28,2330,761.98,847.4
2025-05-12,28,11690,3507.0,3477.59
2025-05-13,28,3660,1746.14,1695.34
2025-05-25,28,3570,1392.04,1466.93
2025-05-26,28,9450,2835.0,2964.01
2025-05-28,28,3530,1802.72,1891.09
2025-06-04,28,9790,4821.53,4880.56
2025-06-16,28,210,151.71,147.8
2025-06-23,28,540,237.88,233.32
2025-07-06,28,1980,950.49,1005.26
2025-07-11,28,2610,783.0,772.73
2025-07-22,28,270,81.0,83.09
2025-07-31,28,240,87.3,87.56
2025-08-09,28,3520,1342.94,1314.61
2025-08-28,28,8420,3002.18,2932.71
2025-08-29,28,18840,8126.3,7539.77
2025-09-02,28,1110,474.01,472.0
2025-09-12,28,5320,2295.59,2267.63
2025-09-14,28,618,310.74,312.55
2025-09-21,28,7975,3337.39,3467.03
2025-09-29,28,618,265.06,274.79
2025-10-06,28,618,267.09,275.16
2025-10-14,28,618,171.17,164.38
2025-10-15,28,2839,1166.07,1138.06
2025-10-20,28,2583,1118.96,1155.09
2025-10-23,28,9090,4530.29,4383.71
2025-02-14,31,8540,2562.0,2550.18
2025-02-20,31,870,466.91,456.24
2025-02-24,31,7530,2481.28,2601.85
2025-02-28,31,7380,2830.23,2948.43
2025-03-03,31,1500,685.04,779.57
2025-03-05,31,7690,2307.0,2125.48
2025-03-11,31,2890,867.0,870.65
2025-03-12,31,1040,312.0,315.58
2025-03-14,31,16460,11632.9,11583.23
2025-04-04,31,950,590.23,568.58
2025-04-07,31,2470,895.67,957.8
2025-04-13,31,3090,927.0,892.78
2025-04-13,31,15790,11354.54,11678.43
2025-04-14,31,760,228.0,231.74
2025-04-18,31,150,97.44,102.27
2025-04-22,31,2690,1207.33,1350.16
2025-04-26,31,2540,762.0,817.17
2025-05-08,31,860,258.0,247.35
2025-05-09,31,290,110.03,109.36
2025-05-24,31,260,123.44,127.19
2025-06-18,31,440,224.4,234.35
2025-06-24,31,2380,1333.05,1373.74
2025-06-26,31,120,54.73,52.11
2025-08-01,31,320,96.0,93.57
2025-08-05,31,410,203.16,197.73
2025-08-07,31,2650,1108.13,1159.26
2025-08-14,31,260,144.11,151.61
2025-08-29,31,11700,8163.91,8661.68
2025-09-01,31,6400,3230.7,3356.48
2025-09-04,31,12100,6439.77,6354.42
2025-09-23,31,8255,2806.99,2906.31
2025-09-24,31,606,220.46,232.72
2025-09-25,31,2277,1589.02,1591.93
2025-10-06,31,6266,2921.17,3086.25
2025-10-14,31,706,314.5,320.01
2025-10-17,31,606,330.79,347.42
2025-10-22,31,4706,3149.57,3415.63
2025-10-23,31,984,497.0,494.9
2025-02-19,41,470,141.0,150.99
2025-02-20,41,2620,786.0,803.34
2025-02-27,41,9210,3651.34,3606.16
2025-03-05,41,250,95.94,100.19
2025-03-10,41,11170,4773.23,5130.58
2025-03-11,41,1300,482.92,507.72
2025-03-15,41,11850,3555.0,3711.36
2025-03-28,41,620,186.0,205.94
2025-04-05,41,2620,936.85,877.76
2025-04-13,41,3940,1182.0,1147.66
2025-04-13,41,310,157.24,157.19
2025-04-18,41,600,180.0,170.8
2025-05-04,41,220,74.52,74.84
2025-05-18,41,1070,321.0,345.29
2025-05-20,41,20730,6219.0,6534.8
2025-05-21,41,1890,567.0,581.39
2025-05-24,41,6170,3255.8,3684.6
2025-05-31,41,1630,489.0,495.95
2025-06-14,41,3790,2055.18,2020.19
2025-06-15,41,5800,3021.23,3035.4
2025-06-19,41,3690,1426.77,1420.01
2025-07-08,41,1810,543.0,534.53
2025-08-04,41,4040,1212.0,1289.1
2025-08-06,41,1330,783.15,779.61
2025-08-10,41,5960,1788.0,1807.89
2025-08-18,41,7580,2274.0,2215.49
2025-08-24,41,5270,1581.0,1688.59
2025-08-31,41,7740,4437.91,4288.07
2025-09-02,41,2420,817.64,776.55
2025-09-03,41,560,175.49,187.99
2025-09-06,41,1851,802.04,726.97
2025-10-10,41,655,256.17,260.17
2025-10-23,41,3503,581.47,588.17
2025-02-17,47,1240,379.43,357.87
2025-02-18,47,1700,1085.73,1146.6
2025-02-19,47,1050,660.66,651.78
2025-02-21,47,1110,381.16,377.19
2025-02-28,47,2630,789.0,736.67
2025-03-02,47,560,253.2,279.42
2025-03-11,47,930,279.0,286.07
2025-03-14,47,270,113.16,127.1
2025-03-19,47,1280,384.0,386.34
2025-03-19,47,4930,2760.42,2944.87
2025-03-22,47,400,120.0,128.71
2025-04-03,47,480,173.8,185.48
2025-04-14,47,10130,5172.42,5418.22
2025-04-17,47,9030,4308.19,4627.29
2025-04-27,47,3600,1296.25,1230.62
2025-04-29,47,1810,617.38,614.27
2025-05-05,47,2760,828.0,824.09
2025-05-05,47,2370,711.0,723.88
2025-06-05,47,540,162.0,172.44
2025-06-07,47,5400,3482.65,3560.4
2025-06-24,47,3910,1487.54,1447.14
2025-06-25,47,15480,9737.08,10317.66
2025-08-02,47,6540,1962.0,1997.28
2025-08-04,47,1560,799.02,801.86
2025-08-08,47,1640,710.25,745.8
2025-08-26,47,2220,767.8,778.73
2025-08-29,47,120,36.0,36.9
2025-09-03,47,200,60.0,60.53
2025-09-07,47,7600,2768.28,2774.08
2025-09-10,47,1030,794.13,824.91
2025-09-13,47,418,82.04,80.59
2025-09-18,47,1812,196.28,204.98
2025-09-22,47,3665,1192.3,1100.37
2025-09-30,47,418,224.31,204.4
2025-10-03,47,750,144.79,152.29
2025-10-09,47,418,174.97,182.39
2025-10-16,47,6529,2168.79,2244.64
2025-10-27,47,418,221.79,219.66
2025-02-13,48,3690,1107.0,1206.41
2025-02-20,48,2110,711.35,773.5
2025-03-08,48,920,276.0,284.32
2025-03-17,48,2430,924.85,881.1
2025-03-24,48,7420,2609.31,2540.67
2025-03-30,48,1180,661.07,661.3
2025-04-05,48,11200,3360.0,3758.75
2025-04-06,48,1000,300.0,321.78
2025-04-08,48,580,206.79,210.29
2025-04-21,48,1260,378.0,387.07
2025-04-29,48,4630,1389.0,1518.74
2025-05-04,48,8990,3762.79,3937.14
2025-05-16,48,5320,1596.0,1667.07
2025-06-09,48,5140,2382.68,2473.61
2025-06-20,48,12340,3932.4,3757.26
2025-06-21,48,3510,1053.0,1119.43
2025-06-24,48,1710,565.94,558.94
2025-07-08,48,2110,672.9,732.83
2025-07-20,48,6070,3406.5,3518.35
2025-07-23,48,3740,1294.38,1249.04
2025-07-27,48,160,48.0,52.46
2025-08-02,48,7460,3300.09,3239.78
2025-08-03,48,2490,1093.27,1134.15
2025-08-05,48,3990,1197.0,1221.2
2025-08-17,48,3750,1125.0,1165.2
2025-08-24,48,1120,336.0,310.83
2025-08-25,48,380,172.81,186.55
2025-08-29,48,6160,2643.32,2519.41
2025-08-31,48,2560,768.0,879.08
2025-09-14,48,910,361.63,364.06
2025-09-16,48,2686,1012.54,934.33
2025-09-20,48,759,293.28,308.04
2025-09-29,48,4197,1911.05,2029.74
2025-10-09,48,4891,2519.02,2573.4
2025-10-15,48,784,278.27,295.06
2025-10-27,48,1549,391.18,458.25
2025-02-14,57,2180,654.0,682.12
2025-02-14,57,3770,1513.54,1403.62
2025-02-19,57,2390,800.62,808.2
2025-02-23,57,760,309.98,341.97
2025-02-25,57,300,104.19,100.93
2025-02-28,57,130,42.95,49.69
2025-03-03,57,230,77.53,77.84
2025-03-23,57,520,246.51,254.29
2025-04-04,57,3750,1125.0,1106.32
2025-04-10,57,4350,2110.43,2231.82
2025-04-12,57,9890,5552.65,5741.94
2025-04-23,57,1430,512.67,474.93
2025-04-26,57,8080,2424.0,2671.58
2025-05-17,57,1030,420.57,440.46
2025-05-23,57,250,145.26,145.98
2025-06-02,57,3260,1091.41,1177.07
2025-06-04,57,2180,703.5,672.83
2025-06-10,57,5590,1677.0,1666.36
2025-06-20,57,3085,196.71,167.88
2025-06-23,57,1630,110.29,94.2
2025-06-23,57,138,113.92,97.3
2025-06-25,57,4646,161.28,161.28
2025-06-27,57,5048,433.35,433.18
2025-06-30,57,3590,1077.0,1139.43
2025-07-01,57,1730,1063.05,1058.11
2025-07-03,57,4959,224.43,224.43
2025-07-03,57,2325,129.02,129.02
2025-07-15,57,3363,186.63,231.5
2025-07-15,57,4381,211.42,211.42
2025-07-16,57,3792,210.82,209.21
2025-07-17,57,2093,116.3,116.3
2025-07-17,57,6891,291.41,291.33
2025-07-18,57,4133,211.42,349.47
2025-07-21,57,3750,208.37,309.94
2025-07-23,57,344,101.73,101.73
2025-07-23,57,1700,510.0,530.27
2025-07-24,57,15002,792.22,792.16
2025-07-24,57,3904,178.91,178.91
2025-07-24,57,1900,570.0,576.57
2025-07-28,57,4513,450.69,450.69
2025-07-28,57,10198,372.37,372.3
2025-07-29,57,16141,612.33,611.47
2025-07-29,57,330,99.0,111.59
2025-08-01,57,6297,186.45,186.42
2025-08-01,57,10007,527.77,588.62
2025-08-01,57,3627,428.01,427.53
2025-08-01,57,4751,352.19,367.19
2025-08-02,57,400,155.8,173.33
2025-08-04,57,1425,93.25,93.25
2025-08-04,57,12836,480.53,480.53
2025-08-04,57,755,97.43,97.43
2025-08-04,57,6612,439.02,439.02
2025-08-04,57,2700,1172.31,1152.26
2025-08-05,57,12050,456.54,456.51
2025-08-05,57,1460,111.68,94.64
2025-08-05,57,477,97.43,97.43
2025-08-05,57,3393,200.84,169.8
2025-08-05,57,6161,274.39,274.27
2025-08-05,57,3779,148.05,148.05
2025-08-05,57,13535,675.84,690.69
2025-08-05,57,5895,218.97,218.97
2025-08-05,57,1920,176.75,136.02
2025-08-05,57,5256,155.62,155.59
2025-08-06,57,5376,227.61,227.61
2025-08-06,57,3595,200.02,200.02
2025-08-06,57,1963,184.08,290.86
2025-08-06,57,3274,130.19,129.98
2025-08-06,57,11032,333.92,332.85
2025-08-06,57,2200,102.8,102.8
2025-08-06,57,494,106.75,90.47
2025-08-06,57,8284,296.05,295.98
2025-08-06,57,240,114.97,97.43
2025-08-06,57,6225,222.47,222.24
2025-08-06,57,879,131.58,111.51
2025-08-06,57,8909,251.9,251.9
2025-08-06,57,4908,284.97,284.97
2025-08-07,57,1581,112.21,124.45
2025-08-07,57,1983,94.64,94.64
2025-08-07,57,4959,131.65,131.65
2025-08-07,57,3598,184.98,184.89
2025-08-07,57,1210,120.56,102.01
2025-08-07,57,3306,194.13,194.13
2025-08-07,57,3884,211.69,225.54
2025-08-07,57,3445,186.52,186.4
2025-08-07,57,5642,229.72,229.63
2025-08-07,57,1770,106.75,90.47
2025-08-07,57,8825,570.6,570.53
2025-08-07,57,9970,276.13,444.33
2025-08-07,57,2241,125.23,212.81
2025-08-07,57,6200,221.57,221.57
2025-08-07,57,4548,148.05,150.62
2025-08-08,57,308,114.97,237.3
2025-08-08,57,330,97.43,97.43
2025-08-08,57,330,97.43,97.43
2025-08-08,57,3163,244.48,424.93
2025-08-08,57,2305,117.94,239.82
2025-08-08,57,2732,251.92,265.82
2025-08-08,57,2587,164.87,139.67
2025-08-08,57,10405,287.35,287.24
2025-08-08,57,1653,90.47,90.47
2025-08-08,57,380,114.97,97.3
2025-08-08,57,3960,1188.0,1254.66
2025-08-11,57,132,93.25,108.13
2025-08-11,57,5268,371.07,370.59
2025-08-11,57,8819,602.27,608.52
2025-08-11,57,9013,608.52,607.74
2025-08-11,57,6181,199.71,199.28
2025-08-11,57,5074,346.66,468.76
2025-08-11,57,6595,213.01,212.67
2025-08-11,57,9563,542.91,542.2
2025-08-12,57,1156,143.25,158.84
2025-08-12,57,3580,199.18,198.81
2025-08-12,57,5662,316.24,404.64
2025-08-12,57,8221,579.07,1065.2
2025-08-12,57,1729,169.62,235.23
2025-08-12,57,8968,499.32,498.68
2025-08-12,57,1256,93.13,129.13
2025-08-12,57,6108,258.28,258.28
2025-08-12,57,6023,231.57,231.5
2025-08-13,57,1718,103.19,103.19
2025-08-13,57,11430,432.5,432.42
2025-08-13,57,3137,185.06,200.01
2025-08-13,57,3602,196.09,195.32
2025-08-13,57,1969,183.84,183.84
2025-08-13,57,5049,214.62,214.62
2025-08-13,57,1588,90.35,90.35
2025-08-13,57,4034,203.27,203.27
2025-08-13,57,2251,122.54,122.49
2025-08-13,57,3505,151.87,151.7
2025-08-14,57,1222,90.35,90.35
2025-08-14,57,2300,181.35,181.19
2025-08-14,57,1464,90.35,90.35
2025-08-14,57,1960,183.84,278.84
2025-08-14,57,940,114.81,97.3
2025-08-14,57,9162,766.72,766.72
2025-08-14,57,8537,373.87,373.87
2025-08-14,57,8613,335.98,335.98
2025-08-14,57,2080,191.21,191.11
2025-08-14,57,110,68.32,65.53
2025-08-14,57,1760,686.86,734.35
2025-08-15,57,1975,93.34,93.34
2025-08-15,57,3525,128.76,268.76
2025-08-15,57,2800,314.71,314.71
2025-08-15,57,2113,219.79,219.37
2025-08-15,57,7341,236.8,236.73
2025-08-15,57,4250,147.85,147.85
2025-08-15,57,10057,631.16,844.23
2025-08-15,57,4618,189.67,204.67
2025-08-18,57,10347,548.1,546.52
2025-08-18,57,11359,598.3,596.69
2025-08-18,57,4320,404.57,403.53
2025-08-18,57,3238,140.22,139.82
2025-08-18,57,1850,111.12,179.09
2025-08-18,57,2638,123.17,185.29
2025-08-18,57,7259,306.94,321.86
2025-08-18,57,2216,118.48,118.08
2025-08-19,57,185,139.0,138.64
2025-08-19,57,12750,920.01,917.63
2025-08-19,57,8995,578.21,576.71
2025-08-19,57,9020,250.92,250.92
2025-08-19,57,3966,351.74,350.83
2025-08-19,57,4133,178.45,177.99
2025-08-19,57,3717,182.64,182.6
2025-08-19,57,10334,626.4,753.88
2025-08-19,57,3427,135.74,135.7
2025-08-20,57,255,97.05,97.05
2025-08-20,57,2052,102.47,117.47
2025-08-20,57,8967,764.74,764.74
2025-08-20,57,3940,210.87,210.87
2025-08-20,57,6470,218.12,218.05
2025-08-20,57,300,114.52,97.05
2025-08-20,57,1418,109.61,92.89
2025-08-20,57,1230,106.34,90.12
2025-08-20,57,4091,178.0,177.99
2025-08-21,57,165,138.64,138.64
2025-08-21,57,264,97.05,97.05
2025-08-21,57,3334,196.18,247.57
2025-08-21,57,7416,332.46,347.46
2025-08-21,57,175,138.64,138.64
2025-08-21,57,11404,451.09,450.94
2025-08-21,57,3703,210.83,210.77
2025-08-21,57,6683,274.74,274.7
2025-08-21,57,14362,788.4,788.29
2025-08-21,57,352,114.52,97.05
2025-08-21,57,7107,228.66,365.52
2025-08-21,57,8634,605.82,605.66
2025-08-21,57,1734,103.88,103.88
2025-08-21,57,140,114.52,177.05
2025-08-21,57,8910,320.67,300.1
2025-08-21,57,1910,837.69,784.93
2025-08-22,57,1954,183.37,183.37
2025-08-22,57,5811,219.86,219.79
2025-08-22,57,5981,252.32,250.47
2025-08-22,57,3450,169.53,169.53
2025-08-25,57,2571,142.55,136.84
2025-08-25,57,3546,177.13,177.03
2025-08-25,57,1290,106.34,90.12
2025-08-25,57,3257,140.68,140.68
2025-08-26,57,2925,171.14,171.03
2025-09-06,57,2640,973.49,988.15
2025-10-12,57,6880,306.25,302.1
2025-02-17,68,1740,522.0,558.84
2025-02-20,68,600,180.0,185.23
2025-02-22,68,4130,1388.68,1413.67
2025-02-23,68,2530,828.62,907.7
2025-02-24,68,3610,1189.91,1237.45
2025-03-06,68,3320,1333.19,1417.57
2025-03-08,68,200,60.0,60.29
2025-03-22,68,5460,1638.0,1656.26
2025-03-24,68,20800,6240.0,6773.37
2025-03-28,68,14910,10195.51,11128.29
2025-04-22,68,2590,777.0,783.24
2025-04-22,68,14890,4467.0,4358.14
2025-04-27,68,3300,990.0,972.19
2025-04-28,68,930,279.0,271.15
2025-05-11,68,1590,734.71,761.43
2025-05-11,68,160,48.0,50.37
2025-05-15,68,6830,2049.0,2026.66
2025-05-20,68,330,124.7,128.66
2025-05-25,68,880,337.48,355.82
2025-05-25,68,18000,5935.22,6126.61
2025-06-03,68,1540,640.33,626.31
2025-06-05,68,4790,2111.41,2135.8
2025-06-26,68,7070,2442.18,2514.88
2025-07-08,68,6280,2101.39,2100.58
2025-07-22,68,820,319.39,330.77
2025-07-24,68,8970,2691.0,2778.89
2025-07-31,68,160,50.93,52.18
2025-08-06,68,10830,3997.72,4517.19
2025-08-07,68,2240,672.0,658.36
2025-09-02,68,370,152.18,164.33
2025-09-03,68,8627,3269.44,3153.68
2025-09-05,68,6727,2353.34,2260.71
2025-09-06,68,2834,985.43,1039.68
2025-09-07,68,3754,1290.87,1413.67
2025-09-10,68,8537,1519.15,1544.82
2025-09-14,68,2194,518.93,537.03
2025-09-24,68,8641,2345.9,2452.54
2025-09-29,68,736,215.85,236.42
2025-10-03,68,736,259.7,246.46
2025-10-05,68,11439,4120.62,4214.53
2025-10-07,68,5570,1417.58,1534.41
2025-10-09,68,1467,466.28,470.61
2025-10-10,68,736,268.68,279.95
2025-10-11,68,5918,1941.72,2044.98
2025-10-16,68,1035,461.3,443.9
2025-10-18,68,8696,3482.12,3459.62
2025-10-19,68,13113,4994.26,5359.76
2025-02-16,70,4870,2346.02,2529.3
2025-02-18,70,5250,1703.54,1727.38
2025-03-05,70,1850,731.93,669.72
2025-03-12,70,3550,1430.18,1487.35
2025-03-18,70,4180,2287.99,2454.15
2025-03-25,70,410,125.32,127.88
2025-03-27,70,440,132.0,143.07
2025-04-28,70,2330,793.5,817.91
2025-05-08,70,4550,1365.0,1394.63
2025-05-19,70,300,170.0,171.12
2025-05-20,70,3430,1430.19,1581.73
2025-05-29,70,2130,665.97,688.78
2025-06-04,70,3000,900.0,826.16
2025-06-04,70,36420,18717.86,20506.48
2025-06-07,70,1660,498.0,498.1
2025-06-12,70,9640,2892.0,2794.99
2025-06-18,70,7910,3090.59,2976.61
2025-06-18,70,10840,3252.0,3146.54
2025-06-19,70,4850,1455.0,1426.59
2025-06-30,70,580,174.0,178.3
2025-07-02,70,2610,1456.13,1574.76
2025-07-09,70,5490,2240.4,2329.71
2025-07-09,70,130,49.26,50.05
2025-07-26,70,3330,1421.34,1682.23
2025-08-14,70,310,93.0,97.34
2025-08-25,70,4190,1494.34,1418.35
2025-08-27,70,12110,8065.93,8631.84
2025-09-01,70,1440,606.16,650.46
2025-09-11,70,5450,1635.0,1611.68
2025-09-16,70,1560,468.0,490.01
2025-09-21,70,3909,1018.29,1093.61
2025-10-04,70,6066,2498.48,2672.24
2025-10-08,70,2590,670.3,656.26
2025-10-16,70,845,313.92,321.16
2025-02-14,131,3280,984.0,958.26
2025-02-23,131,1530,459.0,484.88
2025-03-05,131,4130,1337.52,1413.5
2025-03-06,131,1620,486.0,515.6
2025-03-13,131,2770,1125.51,1177.23
2025-03-18,131,11620,3486.0,3751.25
2025-03-18,131,390,117.0,121.72
2025-03-29,131,7270,2617.13,2528.44
2025-04-01,131,8110,2876.13,2866.87
2025-04-20,131,3830,1407.94,1402.95
2025-04-20,131,3520,1663.17,1666.28
2025-04-24,131,2930,1330.4,1331.7
2025-04-25,131,1340,479.88,454.34
2025-05-01,131,6130,2439.97,2530.13
2025-05-26,131,960,534.51,545.38
2025-06-01,131,890,378.03,392.73
2025-06-20,131,3900,1785.1,1753.68
2025-06-21,131,9860,2958.0,3160.44
2025-06-26,131,2250,1196.74,1239.31
2025-07-02,131,2720,816.0,826.92
2025-07-08,131,2720,859.66,812.63
2025-07-10,131,5780,1734.0,1799.76
2025-07-10,131,3810,1505.37,1373.03
2025-07-25,131,2680,901.12,842.65
2025-07-29,131,41304,1049.31,1045.38
2025-07-29,131,44240,14922.1,14873.17
2025-08-03,131,160,53.15,57.59
2025-08-08,131,19955,1872.52,966.75
2025-08-08,131,20047,1872.52,971.25
2025-08-11,131,17724,696.54,611.54
2025-08-18,131,26277,2950.0,1948.35
2025-08-19,131,1840,1176.23,1218.14
2025-08-22,131,22569,1029.42,762.63
2025-09-03,131,710,213.0,236.13
2025-09-08,131,6070,3155.29,3339.14
2025-09-16,131,2620,786.0,864.48
2025-09-20,131,6759,1133.23,1250.63
2025-10-06,131,2429,878.0,1020.92
2025-10-08,131,16678,4881.17,4725.23
2025-10-24,131,916,354.32,354.53
2025-02-16,139,7030,2109.0,2234.18
2025-02-21,139,990,437.5,456.0
2025-02-28,139,9260,4253.48,4523.3
2025-03-25,139,6030,1809.0,1962.5
2025-03-25,139,640,227.11,241.26
2025-03-27,139,730,219.0,216.75
2025-04-02,139,1850,555.0,522.67
2025-04-16,139,1890,1161.32,1278.82
2025-04-27,139,42750,16750.02,17451.57
2025-04-29,139,4810,2160.92,2318.43
2025-05-08,139,660,291.87,286.99
2025-05-11,139,9170,4542.53,4479.49
2025-05-14,139,2780,834.0,749.0
2025-05-14,139,5130,1539.0,1605.76
2025-05-14,139,720,242.25,253.85
2025-05-15,139,2730,819.0,868.19
2025-05-18,139,1480,687.53,658.07
2025-05-18,139,2360,1235.42,1376.9
2025-05-21,139,4930,1479.0,1600.49
2025-05-27,139,2700,810.0,807.63
2025-06-11,139,240,96.03,93.56
2025-06-29,139,1070,511.56,521.31
2025-06-30,139,650,492.96,517.38
2025-07-25,139,190,57.0,59.75
2025-07-28,139,3950,1419.74,1589.47
2025-07-30,139,12510,3753.0,4139.35
2025-08-14,139,240,91.44,91.93
2025-08-16,139,1810,703.36,780.53
2025-08-30,139,1030,403.86,387.72
2025-09-15,139,2400,1009.37,1035.52
2025-09-22,139,531,140.13,132.82
2025-09-27,139,2439,1170.97,1223.53
2025-09-28,139,531,195.75,202.92
2025-09-29,139,8134,2125.91,2176.95
2025-09-30,139,7015,2966.76,3194.63
2025-10-02,139,2453,1012.47,1102.24
2025-10-06,139,531,243.82,236.42
2025-10-08,139,3066,1226.22,1240.35
2025-10-12,139,2060,684.05,674.69
2025-10-14,139,1111,323.61,344.16
2025-10-15,139,531,236.35,231.68
2025-10-17,139,531,176.23,197.2
2025-10-25,139,3072,1127.0,1209.53
